track_id,track_name,track_artists
1veHwv1HPwzOvlhs5jPxeP,blame's on me,Alexander Stewart
2lfKa3eVovQUNoPlxb0dwi,"Aaj Ke Baad (From ""Satyaprem Ki Katha"")","Manan Bhardwaj,Tulsi Kumar"
5keXeMrCGBYXpJYQ0FFqjK,Forever and Ever and Always,Ryan Mack
0YxKKO272sacGBJKjf6FnB,Saari Duniya Jalaa Denge,"Jaani,B Praak"
2cz4qH4fCauVA93JHkUMad,"Le Aaunga (From ""Satyaprem Ki Katha"")","Tanishk Bagchi,Arijit Singh"
7c6ULNGXJZ0Wf7voEUEcKu,Kudmayi (Film Version),"Shahid Mallya,Amitabh Bhattacharya"
02wf1NAQdIpe5S1NJYPwvB,Aise Kyun - Ghazal Version,"Rekha Bhardwaj,Anurag Saikia,Raj Shekhar,Mismatched - Cast"
6ErCfbbI9BG4bK2djjKUvP,i wish you cheated,Alexander Stewart
4EAxNKJQEIIcivG82cU5LM,"Oonchi Oonchi Deewarein (From ""Yaariyan 2"")","Manan Bhardwaj,Arijit Singh"
5LSAafg2oH9YPgf3EG17iw,Khalasi | Coke Studio Bharat,"Aditya Gadhvi,Achint"
1OBK4DltPHWoeilauCyckU,Sky is the Limit,Mark Ambor
2Jz8ughkZa9o2rHhNq8hOw,"Sun Sajni (From ""Satyaprem Ki Katha"")","Meet Bros.,Parampara Tandon,Piyush Mehroliyaa"
4d2ZJ9W7dkQuITwUCTuD5n,never knew a heart could break itself,Zach Hood
1eZ6nPXT1ovpBhVxYKRtaz,"Zindagi Tere Naam (From ""Yodha"")","Vishal Mishra,Kaushal Kishore"
0czcoKJbJt08NqKrvSbbz7,"O Bedardeya (From ""Tu Jhoothi Main Makkaar"")","Pritam,Arijit Singh,Amitabh Bhattacharya"
0loZn1c5heXie7OAtvK6nH,Humnava Mere,"Jubin Nautiyal,Rocky - Shiv"
37ggbGIS7Dv3WSCeKHcuXo,Khairiyat,"Mithoon,Arijit Singh,Sayeed Quadri"
1ei3hzQmrgealgRKFxIcWn,In The Stars,Benson Boone
1r27BKhp7yzevrOhHEncOk,Breathless Hanuman Chalisa,Shankar Mahadevan
6pXp6OFlxrA0FJyzNw4QID,"Dhoonde Akhiyaan - From ""Jabariya Jodi""","Yasser Desai,Altamash Faridi,Rashmi Virag"
3FbZoPzEaUBOD84l1FwFEH,Mujhe Peene Do,Darshan Raval
4aSdNAVI0okQEhbV5V2j3T,take it back,Jessica Baio
3eSm4iAkLsn3BeggfiQOH9,"Kaise Ab Kahein - From ""Gutar Gu""","Gaurav Chatterji,Aasa Singh,Hansika Pareek,Hrishi Giridhar,Pratik Gangavane"
6xxRs4KZDGhibyCUiAiXmn,someday,Jessica Baio
6gSZX6W69nGvEBzlvfvvz2,She's Somebody's Daughter (The Wedding Version),Drew Baldridge
00ake6KfnzbZ2MaRLGqsyX,"Tum Kya Mile (From ""Rocky Aur Rani Kii Prem Kahaani"")","Pritam,Arijit Singh,Shreya Ghoshal,Amitabh Bhattacharya"
4ewsDZVLKV21ohOX35tGua,"Saavariya - From ""Aum Mangalam Singlem""","Varun Jain,Niren Bhatt,Sachin-Jigar"
0NvGVd87SYZnryTcfQPKUO,Kali Kali Zulfon Ke,Madhur Sharma
2ncqKdTj6dz7tWoTMMrAtq,Mahiye Jinna Sohna,Darshan Raval
7Ky9U9iHjGBiRax3joCRDS,"Phir Aur Kya Chahiye (From ""Zara Hatke Zara Bachke"")","Sachin-Jigar,Arijit Singh,Amitabha Bhattacharya"
0pDiRD9YE6PZBBgjMyezvk,Tum Se,"Raghav Chaitanya,Varun Jain,Sachin-Jigar,Indraneel"
1dGr1c8CrMLDpV6mPbImSI,Lover,Taylor Swift
01zjzsmCRsvCEAE0hlWuC6,You Put A Spell On Me,Austin Giorgio
1418IuVKQPTYqt7QNJ9RXN,Maan Meri Jaan,King
0BYhZuuSAseBCjsbfBDRm9,Ve Kamleya (Redux),"TUSHAR JOSHI,Shreya Ghoshal,Amitabh Bhattacharya"
1HimGOB6BjOaCQYMIF1xtU,What Am I,Why Don't We
4L6hCEc9xFf01U4d66JzK0,Tu / You,Armaan Malik
1O3WfEwaSpsgZ6tw8jNT8I,Maana Ke Hum Yaar Nahin,"Sachin-Jigar,Parineeti Chopra,Kausar Munir"
4nriYsKSq1VmiamjZOB4Tp,"Jaadui (From ""Tu Jhoothi Main Makkaar"")","Pritam,Jubin Nautiyal,Amitabh Bhattacharya"
1nXc4gIA8LCIJDnwEUBV80,8 billion people,Kiran + Nivi
6I3mqTwhRpn34SLVafSH7G,Ghost,Justin Bieber
11qnwt18ZckPqchzK2I3U7,Dil Jhoom,"Mithoon,Arijit Singh,Sayeed Quadri"
7yDHHVKLbvDmVw1XXhDDIO,Pehle Bhi Main,"Vishal Mishra,Raj Shekhar"
6ggcyYvhJCnUID8EZGQng1,leave me in the dark,Alexander Stewart
1t39FBb0zsKv5krZaqZKCB,"Show Me The Thumka (From ""Tu Jhoothi Main Makkaar"")","Pritam,Amitabh Bhattacharya,Sunidhi Chauhan,Shashwat Singh"
6U01X84gGbTfWt15q3zbyt,glad you're settling,Jessica Baio
3gdPwk2wyOXNRnTA1KXnEr,Wish You The Best,Lewis Capaldi
5PUXKVVVQ74C3gl5vKy9Li,Heeriye (feat. Arijit Singh),"Jasleen Royal,Arijit Singh,Harrykahanhai"
2dPUug9YiNL4ypu8UF8SnD,Tose Naina,Arijit Singh
5GhNEr3AQtMhHGYLRgCSV5,Tere Vaaste,"Varun Jain,Sachin-Jigar,Shadab Faridi,Altamash Faridi,Amitabh Bhattacharya"
3CV4lFELdziNM1OnHU8nwz,I Get to Love You,Ruelle
5bQ6oDLqvw8tywmnSmwEyL,Apna Bana Le,"Sachin-Jigar,Arijit Singh,Amitabh Bhattacharya"
6iXUHaQClJ57R3twgXmnjv,take it back,Jessica Baio
3sElIPMjIGTTZ8xxrowq1j,"Abhi Na Jao Chhod Kar Film Version 2 (From ""Rocky Aur Rani Kii Prem Kahaani"")","Shashwat Singh,Pritam,Jaidev,Sahir Ludhianvi"
1nYzjrdVQ8RpF93M0jPFW7,Remember That Night?,Sara Kays
3RmMJsu61de81IF81mMLhl,I Would,Connie Talbot
6ZjpktcIUofcCWUFH4lI96,"Oonchi Oonchi Waadi - From ""Omg 2""","Hansraj Raghuwanshi,Raahi,Djstrings"
0fos0JBszVPh2MtKRjW64e,"Saari Duniya Jalaa Denge (Extended Film Version) [From ""ANIMAL""]","Jaani,B Praak"
3nqQXoyQOWXiESFLlDF1hG,Unholy (feat. Kim Petras),"Sam Smith,Kim Petras"
3EDZpyerzv529Higm1QoEr,Jaan 'Nisaar,Arijit Singh
4BoFJMLSO3ZoD48KgnslSe,Mere Humsafar (Original Score) [Female Version],Yashal Shahid
04hGz2SWnfzZ7y6ILf5lRb,When I Look at You,Dylan Brady
69vToJ9BMbbLlFZo7k7A7B,You Are The Reason,Calum Scott
5plBHwPVrGWZUs2IufpiTS,Vhalam Aavo Ne (Sad Version),"Sachin-Jigar,Aishwarya Majmudar,Niren Bhatt"
0JIhRhZPF5j5dx0FGqTWxy,I'll Be Waiting,Cian Ducrot
4svSc7BE6r9xMEk0GosnVu,Rang Lageya,"Mohit Chauhan,Rochak Kohli"
727Z2S2mtNH46CbP9EWPwY,If You Love Her,Forest Blakk
4afA2YQlZfYzJbfnNoNknK,Mere Ghar Ram Aaye Hain,"Jubin Nautiyal,Payal Dev,Manoj Muntashir"
0j1Ia2lQWrcXrQZI4AdJlk,IDK You Yet,Alexander 23
10eBRyImhfqVvkiVEGf0N0,Enchanted,Taylor Swift
2lNTHWu2I5Tcz9ukWsV5Jj,Next Thing You Know,Jordan Davis
1kTEGyqUJFgstwdgJFLqz1,"Dil Se Dil Tak (From ""Bawaal"")","Akashdeep Sengupta,Laqshay Kapoor,Kausar Munir,Suvarna Tiwari"
0Gl5s8IhMmQE5YQwM8Qx1J,Never Enough,Loren Allred
5uQ7de4EWjb3rkcFxyEOpu,Belong Together,Mark Ambor
5AfiJYkvHfo4vWWfYOBwjw,Another Love - Slowed + Reverb,Another Lover
5ibuejpRCUzZ4jsOLUK5T5,"Jheeli Le - From ""Vanilla Ice Cream""","Madhubanti Bagchi,Siddharth Amit Bhavsar"
7IEww1rwWe1scos6rarOYh,Awari,"Adnan Dhool,Momina Mustehsan"
4137w3YEeQSgz52qxyjxHR,Kaun Mera,Papon
6XZWokIxs4leaSmXmU8b26,"Hum Nashe Mein Toh Nahin (From ""Bhool Bhulaiyaa 2"")","Pritam,Arijit Singh,Tulsi Kumar"
2SQio2ZAKTHE4cM1hLmEQ9,"Woh Din Yaad Aande Ne - From ""Code M""","Shreya Jain,Piyush Mehroliyaa"
2A4lcqTJZgUs1XrW6TSvt0,Hum Toh Deewane,"Rajat Nagpal,Yasser Desai,Rana Sotal"
6O1RAYwmOqkcoJQr7J9SFJ,Oonchi Oonchi Deewarein,"Manan Bhardwaj,Arijit Singh"
26elzgFl8tvajnDfeoY1YF,Mannat,"Darshan Raval,Prakriti Kakar"
2BJCgb5RvPSLBsx6UYfJV2,"Tere Sang Ishq Hua (From ""Yodha"")","Tanishk Bagchi,Arijit Singh,Neeti Mohan,Kunaal Vermaa"
0rMeOAvbQZ2RTG4B6L1M4p,Asal Mein,Darshan Raval
2Fv2injs4qAm8mJBGaxVKU,"Tujhe Kitna Chahne Lage (From ""Kabir Singh"")","Arijit Singh,Mithoon"
5qlBbFPvCOuU7J18G5KJXT,Jogi,Aakanksha Sharma
4A0oXqsH6CliHFAiPKLhng,Dilbara,"Sachet Tandon,Parampara Tandon"
6q4GmJDbiZ7viOqLHP76cs,Rang Jo Lagyo,"Atif Aslam,Shreya Ghoshal,Sachin-Jigar"
4iu3NRqmdwFWCowNmu4oDG,Tu Banja Gali Benaras Ki,Asit Tripathy
7aZcZYqLEVq53PkNVXC1WI,Laadki,"Rekha Bhardwaj,Sachin-Jigar"
4kqUlN3craCx3ZIBIfhp2X,Om Shanti Om (Instrumental),Vishal-Shekhar
3RorJ5DnxrT70LuRfhLn3t,Tere Hawale (Arijit - Shreya Duet),"Pritam,Amitabh Bhattacharya,Arijit Singh,Shreya Ghoshal"
7463jwBAI65wW4MKF4x56u,Laadki,"Kirtidan Gadhvi,Taniskha Sanghvi,Rekha Bhardwaj"
7qEHsqek33rTcFNT9PFqLf,Someone You Loved,Lewis Capaldi
5fVZC9GiM4e8vu99W0Xf6J,How to Save a Life,The Fray
1W5F3RkpvTE4Qg2ugovTRC,Kanha Re,"Neeti Mohan,Traditional"
3wmI2n0Whs6kg4MT8jFRU1,Teri Aankhon Mein,"Darshan Raval,Neha Kakkar,Manan Bhardwaj"
7y5t2ePdh0lAejWJ8vPSuP,"Jaan Ban Gaye - From ""Khuda Haafiz""","Asees Kaur,Mithoon,Vishal Mishra"
3SHopOL3KEJ8PFl3vJdfmF,Naina,"Sona Mohapatra,Armaan Malik"
50Emj7dvfU5NTCQsS7ECJ7,"Ek Tukda Dhoop (From ""Thappad"")","Raghav Chaitanya,Anurag Saikia"
0IGXY47K2ha3AHfX57wY1O,"Deva Deva (From ""Brahmastra"")","Pritam,Arijit Singh,Amitabh Bhattacharya,Jonita Gandhi"
5WtfUKzXircvW8l5aaVZWT,What A Time (feat. Niall Horan),"Julia Michaels,Niall Horan"
2ixsaeFioXJmMgkkbd4uj1,Budapest,George Ezra
5vph4KmP15IRBLRPPsLnRo,Not A Damn Thing Changed,Lukas Graham
40YcuQysJ0KlGQTeGUosTC,"Me, Myself & I","G-Eazy,Bebe Rexha"
1TQXIltqoZ5XXyfCbAeSQQ,Dancing With Your Ghost,Sasha Alex Sloan
31VOknKjFrEX47bZXzqcoF,Next To Me,Imagine Dragons
1aOl53hkZGHkl2Snhr7opL,How Do I Say Goodbye,Dean Lewis
67WTwafOMgegV6ABnBQxcE,Some Nights,fun.
3IAp6klqCewHwWW5gj8Suh,Red Wine,Lukas Graham
5Z3GHaZ6ec9bsiI5BenrbY,Young Dumb & Broke,Khalid
2glGP8kEfACgJdZ86kWxhN,Are You With Me - Radio Edit,Lost Frequencies
1rfofaqEpACxVEHIZBJe6W,Havana (feat. Young Thug),"Camila Cabello,Young Thug"
4zOZb2HMmV81WVG3wrmrLZ,Girls Like You,Maroon 5
5DqdesEfbRyOlSS3Tf6c29,It's You,Ali Gatie
794tmuXAOSHhC4tDrkc2IX,Mama Said,Lukas Graham
3NLnwwAQbbFKcEcV8hDItk,Perfect,One Direction
6lV2MSQmRIkycDScNtrBXO,Airplanes (feat. Hayley Williams of Paramore),"B.o.B,Hayley Williams"
2QjOHCTQ1Jl3zawyYOpxh6,Sweater Weather,The Neighbourhood
4r1CoAATVuxag55Ct3Y1aX,I'll Be There,Jess Glynne
1NhPKVLsHhFUHIOZ32QnS2,Secrets,OneRepublic
2WA8PQfkR9thucSjuPFQ9K,Some Days,Brent Morgan
6MoMWPnwZSgTEfxN0juYg0,I Hope You Dance - Acoustic,"Landon Austin,Victoria Rylee Burchfield"
4BVhGaEUg8qZNfEGDOOcX5,"Agar Tu Hota (From ""Baaghi"")",Ankit Tiwari
1ta4dXJWUuo9p62fATFqrm,Aaj Ke Baad,"Manan Bhardwaj,Tulsi Kumar"
3yuIvz5stb9v9cljhZ5Zas,If You Love Her - feat. Meghan Trainor,"Forest Blakk,Meghan Trainor"
3gq98hzXfMGQ5VFIGJ1DoB,Never Been in Love,Haley Mae Campbell
0NapkeC45rszeuSgbvcjx4,Maan Meri Jaan (Afterlife),"King,Nick Jonas"
5Tkf5CbtVYHA1SiKo1NrJE,"Phir Aur Kya Chahiye (From ""Zara Hatke Zara Bachke"")","Sachin-Jigar,Arijit Singh,Amitabh Bhattacharya"
4YwIOEhqg57IX2QasbetBi,It's Ok If You Forget Me,Astrid S
395KzBy0bkb57dEvg6cfzJ,Falling Like The Stars,James Arthur
4hTIL3DCwfqwSuqRAnyJdy,"Yaar Ve (From ""Code Name Tiranga"")","Arijit Singh,Vipin Patwa,Kumaar"
1nvvaiJbrhCkM3Az74N1pM,Ranjha - Sid X Kiara Version,"Jasleen Royal,Prerna Arora,Ashwani Basoya"
04zpnoSROKFTCfgkoPcZ5A,I'll Be Waiting,Cian Ducrot
2ZD4aIEepqZsdxPxLSuUhm,Tere Pyaar Mein,"Pritam,Arijit Singh,Amitabh Bhattacharya,Nikhita Gandhi"
3sqrvkNC6IPTIXvvbx9Arw,Enchanted,Taylor Swift
6t2kGTgrIoWOrIVntGoN0A,"Saavariya - From ""Aum Mangalam Singlem""","Niren Bhatt,Varun Jain,Sachin-Jigar"
2vPrBucKCfKmafHhSfJ2pt,"Pyaar Hota Kayi Baar Hai (From ""Tu Jhoothi Main Makkaar"")","Pritam,Arijit Singh,Amitabh Bhattacharya,Charan"
39OclE5hZematADrdfaWvE,Next Thing You Know,Jordan Davis
6TRt2bniIq0EIlrDlje7b8,First Man,Camila Cabello
3zAXHUL5YcYOA41rruvjy4,Manchala,"Vishal-Shekhar,Shafqat Amanat Ali,Nupur Pant"
7ClqKkywpMLbBJ6L52S6RL,"Kudmayi (Film Version) (From ""Rocky Aur Rani Kii Prem Kahaani"")","Pritam,Shahid Mallya,Amitabh Bhattacharya"
5Tc2hNyood20vuKm89NeCf,It's Always Been You,Phil Wickham
38h4tmH1AWBVuemWAy4R4y,"Tum Kya Mile (From ""Rocky Aur Rani Kii Prem Kahaani"")","Pritam,Arijit Singh,Shreya Ghoshal,Amitabh Bhattacharya"
3nRTgSjfIrqxIMpDrCD0XA,It's You,Daniel Shaw
2pY0EPtqQb0GJGUY7EzxqP,Do It Like A Girl,Morgan St. Jean
5YVmHTAsdWnoanWXB7AwZX,like my father,Jax
6GZIAVSu0YXF7FYzyRl1MP,"Tere Vaaste (From ""Zara Hatke Zara Bachke"")","Sachin-Jigar,Varun Jain,Shadab Faridi,Altamash Faridi,Amitabh Bhattacharya"
6iT0ZdQcHwzQDNcAC2oDKX,ilym (feat. ROSIE),"John K,ROSIE"
219slQu3ALbTSAe9P22hvE,Happiest Year,Jaymes Young
6O5TrlFWTYvznd9fMC0VvU,When We Were Young,Adele
2fMlezwwP5Hr1UwuAknN4o,"Tose Naina (From ""Mickey Virus)",Arijit Singh
6feiJqgHqeSvkGUzf11AYs,Remember (with David Guetta),"Becky Hill,David Guetta"
7FKkswFflI5Txc3Y4gH0IB,see you later (ten years),Jenna Raine
2L7LV1tXifls6hB1CdUSFl,Always been you,Jackson Gleaves
3lFvgGhin8RuplMTfKlhSF,Still Into You,Dylan Brady
4ewazQLXFTDC8XvCbhvtXs,Glimpse of Us,Joji
7F1CiKqrY44kh5cDqwHOnx,Love Is Gone - Acoustic,"SLANDER,Dylan Matthew"
0B7wvvmu9EISAwZnOpjhNI,When I Was Your Man,Bruno Mars
72zHuDxFQTjbL51qJQSA7j,"Ranjha (From ""Shershaah"")","Jasleen Royal,B Praak,Romy,Anvita Dutt"
3KeMulXbLDJBQdY5PZbGEh,Param Sundari,"A.R. Rahman,Shreya Ghoshal"
1Y3LN4zO1Edc2EluIoSPJN,Until I Found You (with Em Beihold) - Em Beihold Version,"Stephen Sanchez,Em Beihold"
1oQRhjoum0RXwBsuxMAvwT,My Home,AWIN
38TO59989lXAdlTJfEzGeg,"Jaan Hai Meri (From ""Radhe Shyam"")","Amaal Mallik,Armaan Malik,Rashmi Virag"
1TtXTxQoYRLkXIT5Lb6QTI,"Ve Kamleya (Redux) (From ""Rocky Aur Rani Kii Prem Kahaani"")","Pritam,TUSHAR JOSHI,Shreya Ghoshal,Amitabh Bhattacharya"
2PR4jVXzyjCky2PkONvipq,Favorite T-Shirt - Acoustic,Jake Scott
3XjAgiBvWBKu1tHSLTgffX,Keep Your Head Up Princess,Anson Seabra
5AWVGdsk88fcsrssrAdyEN,Fall Into Me,Forest Blakk
1dB1kzLOjTcmSHttRd8bnV,I GUESS I'M IN LOVE,Clinton Kane
3rQDMaRia4W2M0Fliv9J4I,"Maine Pi Rakhi Hai (From ""Tu Jhoothi Main Makkaar"")","Pritam,Shreya Ghoshal,Amitabh Bhattacharya,Divya Kumar"
0OCRwXbQRdOZ1OtB4Imsp1,Love Someone,Lukas Graham
0n3pKT2HiMJGxoAYgyezBV,Tell Me That You Love Me,James Smith
0NZPBYD5qbEWRs3PrGiRkT,Unholy (feat. Kim Petras),"Sam Smith,Kim Petras"
52Mwe2iVyOtsGEmZNCh5jy,What Dreams Are Made Of,Brent Morgan
5vjLSffimiIP26QG5WcN2K,Hold On,Chord Overstreet
46IZ0fSY2mpAiktS3KOqds,Easy On Me,Adele
6lY36UhtKLMIMdnVRFVvBj,All I Need,Foster
0Jiaz0O4AqnJICa9PxHhaR,Mahiye Jinna Sohna,Darshan Raval
05Wws4HqfGzbqRLH0smbpD,"Yeh Sham Mastani (From ""Kati Patang"")",Kishore Kumar
2nNWk4r1iYmJcb7T6PUyPC,Thank You for Being You,Jake Banfield
1aEsTgCsv8nOjEgyEoRCpS,this is how you fall in love,"Jeremy Zucker,Chelsea Cutler"
2eAvDnpXP5W0cVtiI0PUxV,Dandelions,Ruth B.
0Xf1lj3RisQlWR2dqp22Zk,Tu Yaheen Hai,Shehnaaz Gill
5odlY52u43F5BjByhxg7wg,golden hour,JVKE
2gMXnyrvIjhVBUZwvLZDMP,Before You Go,Lewis Capaldi
0uqgIA0B69yBciMNjYukKr,I Am Yours,Andy Grammer
1J14CdDAvBTE1AJYUOwl6C,Arcade,Duncan Laurence
0QHEIqNKsMoOY5urbzN48u,Made You Look,Meghan Trainor
7l1qvxWjxcKpB9PCtBuTbU,Count on Me,Bruno Mars
5fSVR4vH1VUUmYq9AnFu4p,Don't Give Up On Me,Andy Grammer
2q9lPN7CT92W1Ry77j2acn,"Ve Kamleya (From ""Rocky Aur Rani Kii Prem Kahaani"")","Pritam,Arijit Singh,Shreya Ghoshal,Shadab Faridi,Altamash Faridi,Amitabh Bhattacharya"
4CxFN5zON70B3VOPBYbd6P,you were good to me,"Jeremy Zucker,Chelsea Cutler"
5J5h8d9wvvdHQNnuF4rkPJ,Abhi Na Jao Chhod Kar,"Asha Bhosle,Mohammed Rafi"
3vvDDWbbMqwQcsDH3yvuev,I Won't Give Up,Christina Grimmie
3kyCCckpW6tpCq22RH8vOp,"Laadki (From ""Angrezi Medium"")","Rekha Bhardwaj,Sachin-Jigar"
7wVHizRrYy5LCX7QfwsxNJ,I Won't Give Up,Christina Grimmie
6D60klaHqbCl9ySc8VcRss,Stronger (What Doesn't Kill You),Kelly Clarkson
7KYItmZqiTnvfuO42oc6Og,Agar Tu Hota,Ankit Tiwari
1VqpkFch0VW2l8UUSQweRF,Yaar Ve,"Arijit Singh,Vipin Patwa,Kumaar"
0vsLoxgQjhL9DUfzhBh58B,"Pyar Ho (From ""Munna Michael"")","Vishal Mishra,Sunidhi Chauhan"
4nc6XiUze2Yh7wFueGOPv7,"Chaleya (From ""Jawan"")","Anirudh Ravichander,Arijit Singh,Shilpa Rao,Kumaar"
44qts4rkpUVFTzDPkEVqJk,Ve Kamleya,"Arijit Singh,Shreya Ghoshal,Shadab Faridi,Altamash Faridi,Amitabh Bhattacharya"
6byRW2mzuc4nBTZ6TN6APu,"Pasoori Nu (From ""Satyaprem Ki Katha"")","Arijit Singh,Rochak Kohli,Tulsi Kumar"
3izZ5WaGr0uNsglsGvlyaM,Kudmayi (Film Version),"Shahid Mallya,Amitabh Bhattacharya"
4gpsM51nvC5TiI2qPjb6P3,Ve Kamleya (Redux),"TUSHAR JOSHI,Shreya Ghoshal,Amitabh Bhattacharya"
2oaKoKA8bvgWfBi9M8wEVJ,Abhi Na Jao Chhod Kar,"Asha Bhosle,Mohammed Rafi"
6udC4b4jOSnHb9ItnXgKLR,Saibo,"Sachin-Jigar,Shreya Ghoshal,Tochi Raina"
3yHyiUDJdz02FZ6jfUbsmY,"Satranga (From ""ANIMAL"")","Arijit Singh,Shreyas Puranik,Siddharth - Garima"
2y9cKRYWrbPquZXJGYHbTG,Udd Jaa Kaale Kaava,"Mithoon,Udit Narayan,Alka Yagnik,Anand Bakshi"
1mYcukuz7uow0wc7DmPXHU,Rozana,"Shreya Ghoshal,Rochak Kohli"
4ApCig0GTR4IEp7Ijsyo3r,Arjan Vailly,"Manan Bhardwaj,Bhupinder Babbal"
133L8gUatgtOGZUn5PH20C,Hua Main,"Raghav Chaitanya,Manoj Muntashir,Pritam"
2zDYPNUwclRPsRgsy8ziwI,Papa Meri Jaan,"Sonu Nigam,Harshavardhan Rameshwar,Raj Shekhar"
066knGFDGi4wYLoBh4sFLY,Main Bhi Nahi Soya,"Arijit Singh,Vishal-Shekhar"
6IR6mzRO60hnMjNoq8rCPE,"Teri Baaton Mein Aisa Uljha Jiya Title Song (From ""Teri Baaton Mein Aisa Uljha Jiya"")","Raghav,Tanishk Bagchi,Asees Kaur"
77gskLti3ilCnuwlDq0m8j,"Phir Kabhi (From ""M.S.Dhoni - The Untold Story"")",Arijit Singh
6gwnKOvdBKkTU4CQ7KpIAu,"Bandeya - From ""Dil Juunglee""","Shaarib Toshi,Arijit Singh"
7mSzDKajY2wUtstQSLdzMK,Rang Lageya,"Mohit Chauhan,Rochak Kohli"
2rOnSn2piaqLAlYjtfUBlY,"Raataan Lambiyan (From ""Shershaah"")","Tanishk Bagchi,Jubin Nautiyal,Asees Kaur"
5NdVbWjNxxzv3SMxtINLu2,"Nai Lagda (From ""Notebook"")","Vishal Mishra,Asees Kaur"
31kHXAWLHAjE3STuapEIyI,O Saathi,Arijit Singh
3JUmNYQyJKeRq2a3RR8K71,"Ijazat (From ""One Night Stand"")","Meet Bros.,Arijit Singh"
53DXM0bHfB7xkqJZYlksuh,Kaise Mujhe,"Benny Dayal,Shreya Ghoshal"
5pQODzb8j3xMQ1qvrQXJvo,Laung Da Lashkara,"Mahalakshmi Iyer,Hard Kaur,Jassi"
2pR0sWcRylkkNJtvMjYL18,Tu Mohabbat Hai,"Atif Aslam,Monali Thakur,Priya Saraiya,Sachin-Jigar"
3Gik3G1E5qVcOFYFXccoha,Ajnabi,"Mohit Chauhan,Shreya Ghoshal"
7hNYvX0qAKrxtVr1jGDmvR,Gallan Goodiyaan,"Yashita Sharma,Manish Kumar Tipu,Farhan Akhtar,Shankar Mahadevan,Sukhwinder Singh"
5GpK2be6lGPawut1iSqOKN,Ya Rabba,Kailash Kher
5C10OXEl9FAz4hcktww0le,Rihaayi De,A.R. Rahman
6onrKush01FO9MfXfltHWW,Choti Si Chiraiya,"A.R. Rahman,Kailash Kher"
0Gja8zsgCA3QqCCdt33GL5,Rock A Bye Baby,"A.R. Rahman,Julia Gartha,Khatija Rahman"
1O5mTSQa0sCce9ghhDqIZl,Jashn-E-Bahaaraa,"A.R. Rahman,Javed Ali"
0OGWPZujUqgF5ER4iSg2Qp,Mann Bharryaa 2.0,"B Praak,Jaani"
2ufLEVbzvEcJ3subW8jBUp,Lut Gaye,"Jubin Nautiyal,Tanishk Bagchi,Manoj Muntashir,Nusrat Fateh Ali Khan"
3P167vmmGRGKHoy7uDugvy,Itni Si Baat Hain,"Pritam,Arijit Singh,Antara Mitra"
3NRVxFOsRljsl8YVpFC8PW,Hasina Pagal Deewani,"Mika Singh,Asees Kaur"
1d8Wa9vbUEPDcSVUODLuX3,Ishq Hi Hai Rab,"Sonu Nigam,Shreya Ghoshal"
1wfmYC9gDGU5wp2LVrVSgx,Har Har Gange,"Arijit Singh,Siddharth-Garima"
3vjkllvtOIKpVvXSWsu1ta,Tu Hai,"A.R. Rahman,Sanah Moidutty"
1gEHNfJRSXpDVaEicwRRfe,Zinda,Amit Trivedi
3O9yuuwFSe9l6PUn5CovQM,"Lag Ja Gale (From ""Bhoomi"")","Rahat Fateh Ali Khan,Sachin-Jigar"
4YiG4XMkaStRuvErMMvRv2,Hans Mat Pagli,"Sonu Nigam,Shreya Ghoshal,Siddharth - Garima"
7CY0CmCpSglfUKCBOOiRfw,Illegal Weapon 2.0,"Jasmine Sandlas,Garry Sandhu"
31d3tVd82tx2sjA2VQ3PMZ,Lagdi Lahore Di,"Guru Randhawa,Tulsi Kumar"
4H5KzyUiJBDulnNBClGAai,High Rated Gabru,Guru Randhawa
73y649QhnXdcm6fRdvfraO,Abhi Mujh Mein Kahin,"Ajay-Atul,Sonu Nigam"
15gS3AvoWjgwLGcZ0aKn34,"Shukriya (Rendition) (From ""Sadak 2"")","Jeet Gannguli,Arijit Singh,Jubin Nautiyal,KK"
0tpwqQhdfJXRcUDSNRjb9O,"Mere Yaaraa (From ""Sooryavanshi"")","Arijit Singh,Neeti Mohan,Rashmi Virag"
1DsQyEshUaan0BBb7fUQHr,Tere Binaa,Mustafa Zahid
5O9jxRlG72h1sYxtqWwUcF,Shiddat Title Track,Manan Bhardwaj
7x6x9UbIh0yEYxnVzhEsdr,Ishq Kamaal,"Suniljeet,Javed Ali"
2cC4DfpPa7x1QZTKQpe3TP,"Tumse Bhi Zyada (From ""Tadap"")","Pritam,Arijit Singh"
2wJ9d1Gfj8OqcznPAroqvh,Lo Maan Liya,Arijit Singh
0oyXtweTvTKBU8YlQFma0G,"Salamat (From ""Sarbjit"") (feat. Arijit Singh, Tulsi Kumar)","Amaal Mallik,Arijit Singh,Tulsi Kumar"
3BihWIQQasks0bzaSwhCjT,Aaj Jane Ki Zid Na Karo,Monu Music India
6nDFhdxDZBbwEDbsJYVdqS,"Marjaawaan (From ""BellBottom"")","Gurnazar,Asees Kaur"
2RKGtM8v2JM72Gyo1wLmgg,Khyaal Rakhya Kar,"Neha Kakkar,Rajat Nagpal"
5q0pLxhyHvZXnYxaygt2Az,Dekho Na,"Jatin-Lalit,Sonu Nigam,Sunidhi Chauhan,Prasoon Joshi"
3gc2Rho0Tn8i4LBgf6f2O5,"Soch Liya (From ""Radhe Shyam"")","Mithoon,Arijit Singh,Manoj Muntashir"
2TKBCWeVnjdyzOL4xgYLmo,Tumhein Mohabbat Hai,Arijit Singh
5x72Q1SyiDHJ4IF2mRzfkg,"Gali Gali (From ""Kgf Chapter 1"")","Neha Kakkar,Tanishk Bagchi"
3gOXq3FPPesm7VLPKmef6j,Rait Zara Si,"Arijit Singh,Shashaa Tirupati"
4uLG79ROWYEXx1kJvDVbWI,Tere Rang,"Haricharan,Shreya Ghoshal"
6LnYnH5LDghjZyQN6bZqx2,Little Little,"Dhanush,Hiral Viradia"
3uB5tJRp4tBbYTYvuTW2iT,Garda,Daler Mehndi
7sVEoPc5ZUUQerRkgTypUZ,"Srivalli (From ""Pushpa The Rise Part - 01"")","Javed Ali,Devi Sri Prasad"
44O26Gv1wQrlUj14PpTolM,"Halka Halka (From ""Fanney Khan"")","Sunidhi Chauhan,Divya Kumar,Amit Trivedi"
7I6mwEFQwpTu5ciVZWFpd4,"Aashiqui Aa Gayi(From ""Radhe Shyam"")","Mithoon,Arijit Singh"
5urYiIXu1ZhfMAOsp7WDTc,"Dil Ko Karaar Aaya (From ""Sukoon"")","Yasser Desai,Neha Kakkar,Rajat Nagpal"
4SmMVj2SnYXPA2M9LhtCnO,"Mitra Re - From ""Runway 34""","Arijit Singh,Jasleen Royal"
1QhcBKt0schkJBhiZx6lxn,Hum Dum,Ankit Tiwari
1XJxfmKVIddQhlaTkAnJui,Tera Mera Rishta,"Tanishk Bagchi,KK,Shreya Ghoshal"
6LZ48tHxZ9XZSzuDS6CBdK,Aye Dil Bata,Arijit Singh
1AJbp5eBB9UABCMMmjXNW6,Makhmali,"Shankar-Ehsaan-Loy,Arijit Singh,Shreya Ghoshal,Varun Grover"
7uxL87sR0eqdTRYvDaKg7F,"Mehram (From ""Dr. Arora"")","Arijit Singh,Niladri Kumar"
0iQhIfgP3yHKxfjnyq4VsW,Maiyya Mainu,Sachet Tandon
324Y55zUTRSMdtFwc91csa,Firecracker,"Vishal-Shekhar,Vishal Dadlani,Shekhar Ravjiani,Kumaar,Vayu"
4Zzw8CESa97fNrmrvEdIuL,"Phir Na Aisi Raat Aayegi (From ""Laal Singh Chaddha"")","Pritam,Arijit Singh,Amitabh Bhattacharya"
6h6kOAlIeWdsqNopumppU5,"Kitni Haseen Hogi (From ""Hit - The First Case"")","Mithoon,Arijit Singh,Sayeed Quadri"
0XMgDXVvDen04Rl0iB1YNr,Ami Je Tomar (Kartik X Vidya),"Pritam,Arijit Singh,Shreya Ghoshal"
6VBhH7CyP56BXjp8VsDFPZ,"Kesariya (From ""Brahmastra"")","Pritam,Arijit Singh,Amitabh Bhattacharya"
7Lcp4QlpR3RDngYejm4fmS,"Kahani (From ""Laal Singh Chaddha"")","Pritam,Mohan Kannan,Amitabh Bhattacharya"
7eNSk0grNnO7MqjLZzs6MM,Fitoor,"Mithoon,Arijit Singh,Neeti Mohan,Karan Malhotra"
59vvMsB3ku27QTfYcgrsV5,"Sun Bhi Le (From ""Ittu Si Baat"")","Arijit Singh,Vishal Mishra"
5X5db3FrBOHbibrFKA02MQ,"Chashni (From ""Bharat"")","Abhijeet Srivastava,Vishal-Shekhar"
2aV8nAkyt5nsWdQTruzgmJ,Dhokha,"Arijit Singh,Manan Bhardwaj,Khushalii Kumar"
4blqlsA1uf2d2I40E90EUC,"Tere Hawaale (From ""Laal Singh Chaddha"")","Pritam,Arijit Singh,Shilpa Rao"
0zlGnseLGzRIBA0TJcb3Bo,"Manike (From ""Thank God"")","Yohani,Jubin Nautiyal,Tanishk Bagchi,Rashmi Virag,Surya Ragunaathan"
0DXfJ2iKRDEG7rPgssWFea,"Rangisari (From ""Jugjugg Jeeyo"")","Kanishk Seth,Kavita Seth"
07LoKRXvbZlTQeZbA8ftBG,"Chalte Chalte (From ""Mitron"")","Atif Aslam,Tanishk Bagchi"
4lmtILzOIIvOzMBPMUzvKx,"Heer Raanjhana (From ""Bachchhan Paandey"")","Amaal Mallik,Arijit Singh,Shreya Ghoshal"
7CdABTaND3EW5cETakiBD3,"Say ""Shava Shava""","Aadesh Shrivastava,Sudesh Bhosle,Alka Yagnik,Sunidhi Chauhan,Amitabh Bachchan,Udit Narayan"
4Hv055xg1SZZgwwGBx8Cr5,"Rasiya (From ""Brahmastra"")","Pritam,Shreya Ghoshal,TUSHAR JOSHI"
0XCtA9pYB0aOciPzrJpkAK,Tu Chale,"Arijit Singh,Shreya Ghoshal"
5L70RGPJEdooqtrgR7vd6U,Hum Nashe Mein Toh Nahin,"Pritam,Arijit Singh,Tulsi Kumar"
2lBUQZ02ThdGSs4pZBE1NE,Kaala Jaadu,"Pritam,Arijit Singh,Nikhita Gandhi"
1yYM7dY6wSJFp5qmxPRLu1,Main Rang Sharbaton Ka,"Atif Aslam,Chinmayi,Pritam"
2d7RKC6qkKnILezszanADq,Vairaagi,"Madhubanti Bagchi,Siddarth Amit Bhavsar"
1is8gU4RVcN4J8xItxWoOY,I GUESS I'M IN LOVE,Clinton Kane
1XpAZlfENlrHalIvuhAp9R,Moon,Jonah Kagen
1JCCdiru7fhstOIF4N7WJC,Amnesia,5 Seconds of Summer
5A3fPy30SN2wuzrahpcxvV,"Don't Give Up On Me - (From ""Five Feet Apart"")",Andy Grammer
5qrSlOut2rNAWv3ubArkNy,Be Alright,Dean Lewis
1bQhZOoXYqjXs7u7rFXo0h,You & Me,James TW
47GyYwSDBMydOfZWazUbZP,You Set My World On Fire,"Loving Caliber,Selestine"
6Pg2d0AVVP63OPF6COHll6,I Am Yours,Andy Grammer
2JqnpexlO9dmvjUMCaLCLJ,Love Someone,Lukas Graham
4Yxc55NX3tAXC2mHRAhtcW,"All I Want - From ""High School Musical: The Musical: The Series""","Olivia Rodrigo,Disney"
77MdvMx9L4ZQuLhhn3o21h,If the World Was Ending (feat. Julia Michaels),"JP Saxe,Julia Michaels"
60iSKGrGazRzICtMjADNSM,Hold Me While You Wait,Lewis Capaldi
1UReO1X8z8qcZRXXzly6FB,Arcade,Duncan Laurence
16XiTUC2rQvb5lmtOm3FYY,Us,James Bay
7LyBwug9tJgbaEzRCqtY78,Put A Little Love On Me,Niall Horan
0gplL1WMoJ6iYaPgMCL0gX,Easy On Me,Adele
0vzSAyinyA619ZbrOaAi04,Steal My Love,Dan + Shay
2wrJq5XKLnmhRXHIAf9xBa,"10,000 Hours (with Justin Bieber)","Dan + Shay,Justin Bieber"
3JE04xcSOB8zuUzzazuaDj,broken,Jonah Kagen
5enxwA8aAbwZbf5qCHORXi,All Too Well (10 Minute Version) (Taylor's Version) (From The Vault),Taylor Swift
0lQaP3ttoUjMprcvRu3yeI,Always,Isak Danielson
2wHA4yJKT8TJhGz20QxUqX,Tell Me That You Love Me,James Smith
3H3r2nKWa3Yk5gt8xgmsEt,This City,Sam Fischer
4fouWK6XVHhzl78KzQ1UjL,abcdefu,GAYLE
1ugQtcwmKOXvKAYzhjncmv,Half A Man,Dean Lewis
6Vc5wAMmXdKIAM7WUoEb7N,Say Something,"A Great Big World,Christina Aguilera"
6T7Z0YRT0cHxkhmcNkkqSf,Never Give Up on Us,Connie Talbot
31fMJwgrgNdk1IbWZEchX2,Love You Still (abcdefu romantic version),Tyler Shaw
6N1K5OVVCopBjGViHs2IvP,The Joker And The Queen (feat. Taylor Swift),"Ed Sheeran,Taylor Swift"
0742PcMPo2Akmo4vHC29VZ,this is how you fall in love,"Jeremy Zucker,Chelsea Cutler"
0sem2PTbwYJdCHoDn487TE,Favorite T-Shirt (Acoustic),Jake Scott
5PjdY0CKGZdEuoNab3yDmX,STAY (with Justin Bieber),"The Kid LAROI,Justin Bieber"
6xGruZOHLs39ZbVccQTuPZ,Glimpse of Us,Joji
7GgWAITsYJaRM3r50rfh5w,When We Were Young,Adele
2GjQ5KNXggsIRpx5ZUj2zX,Her,Anne-Marie
4yNk9iz9WVJikRFle3XEvn,golden hour,JVKE
4laAKIq9ZxBCwf99rauPYb,Remember,"Becky Hill,David Guetta"
0nJW01T7XtvILxQgC5J7Wh,When I Was Your Man,Bruno Mars
440H25G5ApUQu9YIRnGh6L,It's Always Been You,Caleb Hearn
6vfZSkjmzjo6q5BhkWSRxY,Some Days,Brent Morgan
12OLyHDxt6dqlAybSPFBK3,Forever,Lewis Capaldi
1WcQiTDAFmHoldyEGAfA5w,glad you're settling,Jessica Baio
1almCHdsfikRPfVB9VrEdT,Little Do You Know,Alex & Sierra
6q9XTgfWilsnyiFofvYrIF,"Garmi (From ""Street Dancer 3D"") (feat. Varun Dhawan)","Badshah,Neha Kakkar,Varun Dhawan"
28veUNu4veN0LOBVa0nFw8,"Muqabla (From ""Street Dancer 3D"")","Yash Narvekar,Parampara Tandon,Tanishk Bagchi"
7IAJzec1UxGYmNvbPTHbxx,"Shaitan Ka Saala (From ""Housefull 4"")","Sohail Sen,Vishal Dadlani"
0WdbnNKO0Jt4BZACSDQh44,"Ghungroo (From ""War"")","Vishal-Shekhar,Arijit Singh,Shilpa Rao,Kumaar"
48pyUxg9RYuwie5M9R7qRn,Sooraj Dooba Hain,"Arijit Singh,Aditi Singh Sharma"
67ZZqOrQH4Bshguxw9GPkh,Let's Nacho,"Nucleya,Benny Dayal,Badshah"
1dxbiVeiV7nQ2V9qXnhJiB,Buddhu Sa Mann,"Amaal Mallik,Armaan Malik"
3ctaMit7CuiHIPVYrRvm15,Raat Bhar,"Arijit Singh,Shreya Ghoshal"
29GEhH79MHH2wzB7FXRQ2R,"Tu Meri (From ""Bang Bang"")","Vishal-Shekhar,Vishal Dadlani"
5R7HpWXej6SiCrd9YJsC5g,Bang Bang,"Vishal-Shekhar,Benny Dayal,Neeti Mohan"
7MvQQGqYE4r0ucTarmI2Gr,Saturday Saturday,"Shaarib Toshi,Badshah,Indeep Bakshi,Akriti Kakar"
7BjQd0sfYsMGVrTpRdBNTT,The Breakup Song,"Pritam,Arijit Singh,Badshah,Jonita Gandhi,Nakash Aziz"
6WediUhXDfm8FR3wlM0r3G,Subha Hone Na De,"Pritam,Mika Singh,Shefali Alvares"
0rUN8ascPVT9iiLzC5ocPw,Abhi Toh Party Shuru Hui Hai,"Badshah,Aastha Gill"
4AoQVhME8Ko6LNm4lV2wwQ,Hookah Bar,"Himesh Reshammiya,Vineet Singh,Aaman Trikha"
7bFx4We3iNjxmIxXBxou1G,First Class,"Arijit Singh,Neeti Mohan"
6qCNaRRr5xJALfNJvh0NAw,Bom Diggy Diggy,"Zack Knight,Jasmin Walia"
4cFwhwH5ydnHgB0Tv3lZsm,"O Saki Saki (From ""Batla House"")","Neha Kakkar,Tulsi Kumar,B Praak,Tanishk Bagchi,Vishal-Shekhar"
7r8QeC6Uy3AbIXqH7W9y0K,Kaun Nachdi,"Guru Randhawa,Neeti Mohan"
52uiJsA4FrtAZlgqxCJwJI,"Milegi Milegi (From ""Stree"")","Mika Singh,Sachin-Jigar"
63MvWd6T6yoS7h4AJ4Hjrm,"Aankh Marey (From ""Simmba"")","Neha Kakkar,Mika Singh,Kumar Sanu,Tanishk Bagchi"
5G1H1Im43gBwssOH8XlnNU,"Poster Lagwa Do (From ""Luka Chuppi"")","Mika Singh,Sunanda Sharma,Nikhita Gandhi,White Noise Studios,Dilip Sen- Sameer Sen"
6fScgF2Y63ScU73nYju0ny,O Saathi,"Atif Aslam,Arko"
4f5kLqyOJ5ZPnalEVMQrB2,"Tere Bin (From ""Simmba"")","Rahat Fateh Ali Khan,Asees Kaur,Tanishk Bagchi"
0AxJl3J0idAYqxZtgICDPC,"Gerua (From ""Dilwale"")","Pritam,Arijit Singh,Antara Mitra"
1I0kolhBfYfVRjwRKU6k3B,"Samjhawan (From ""Humpty Sharma Ki Dulhania"")","Jawad Ahmad,Shaarib Toshi,Arijit Singh,Shreya Ghoshal"
2O5PnD43mLuLlb31FO6Nee,"Khamoshiyan (From ""Khamoshiyan"")","Jeet Gannguli,Arijit Singh"
6CZE7mbJNlfxJrEbwFiy4U,"Janam Janam (From ""Dilwale"")","Pritam,Arijit Singh,Antara Mitra"
2ILhVeTkbDAYEvesCCBsNo,Tumhi Dekho Naa,"Shankar-Ehsaan-Loy,Sonu Nigam,Alka Yagnik"
4ZTx87kAgEwlPMzoojFZWg,Tera Yaar Hoon Main,"Rochak Kohli,Arijit Singh"
71mh0CZeq6Ku6K0AJRxJWZ,"Piya O Re Piya (From ""Tere Naal Love Ho Gaya"")","Atif Aslam,Shreya Ghoshal"
6k3XXCE1ZzwevQlxf8dNaw,Love You Zindagi,"Amit Trivedi,Jasleen Royal"
2UGhg8kZPwn9Aofl1083N4,Shaayraana,"Pritam,Arijit Singh"
43GfQ1SC17rBWiHkOtdwK8,Jab Koi Baat - Recreated,"Atif Aslam,Shirley Setia,Dj Chetas"
2G5T1Uooo6RDYLAmc7Zpqm,Chammo,"Sohail Sen,Sukhwinder Singh,Shreya Ghoshal,Shadab Faridi"
2xbvLQBFW7E9232BwMBljb,Badri Ki Dulhania (Title Track),"Dev Negi,Neha Kakkar,Monali Thakur,Ikka"
5sqPE9h98DkO5ms20NUiUg,Tamma Tamma Again,"Bappi Lahiri,Anuradha Paudwal,Badshah"
342pJxy678kgQrZXCL9RG7,Urvashi,Yo Yo Honey Singh
6lfSsCL894Qw15xbt7cSUy,"Jai Jai Shivshankar (From ""War"")","Vishal Dadlani,Benny Dayal"
3Qpk2qHree1RTH5lZaKnEK,Desi Girl,"Vishal-Shekhar,Shankar Mahadevan,Sunidhi Chauhan,Vishal Dadlani"
0mNeOrlNl8zvnBxhElDmjf,Aashiq Surrender Hua,"Amaal Mallik,Shreya Ghoshal"
0dTjGvzVRsvUjM9jJVWEDK,Palat - Tera Hero Idhar Hai,Arijit Singh
7wVuc5To4LyVZvZllNSlpB,Lucky Tu Lucky Me,"Sachin-Jigar,Benny Dayal,Anushka Manchanda,Varun Dhawan"
5L9gWUx3Ystgb42kn3AF0i,Saturday Saturday,"Shaarib Toshi,Badshah,Indeep Bakshi,Akriti Kakar"
02ChyNqDE1nEJacyj2i2eQ,Lift Teri Bandh Hai,"Anu Malik,Neha Kakkar"
1f3GOFy8WQ3ab4GP7c26QR,Aa Toh Sahi,"Meet Bros.,Neha Kakkar,Roach Killa"
06wmFmUzR15wlWpjTYwVTr,Chalti Hai Kya 9 Se 12,"Dev Negi,Neha Kakkar"
6f7zyAEUCZuvX4Zty62Z5o,Radha,"Vishal-Shekhar,Shreya Ghoshal,Udit Narayan,Vishal Dadlani,Shekhar Ravjiani"
3UaP2PQwhA31keZXt7oPLA,The Disco Song,"Vishal-Shekhar,Benny Dayal,Sunidhi Chauhan,Nazia Hassan"
2dZyFNtUz3IIBzUZmSu5z8,Toh Dishoom,"Pritam,Raftaar,Shahid Mallya"
54SQet8YMttOgTqDNGcGpe,Sau Tarah Ke,"Pritam,Jonita Gandhi,Amit Mishra"
7iLA6PQeQWRjLDHOJgGpj5,"Gerua (From ""Dilwale"")","Pritam,Arijit Singh,Antara Mitra"
6emsLWJ2bu8vCP7BslV76d,"Manma Emotion Jaage (From ""Dilwale"")","Pritam,Amit Mishra,Anushka Manchanda,Antara Mitra"
4km0RUkMMFdx8iDuq36o2w,Janam Janam,"Pritam,Arijit Singh,Antara Mitra"
3pHPp1FnboJDh8HRCGrj9i,Premika,"Pritam,Benny Dayal,Kanika Kapoor"
5swv4r5dYNHhsL54jGqmn8,Tukur Tukur,"Pritam,Arijit Singh,Neha Kakkar,Kanika Kapoor,Siddharth Mahadevan,Nakash Aziz"
4eu27jAU2bbnyHUC3G75U8,Badtameez Dil,"Pritam,Benny Dayal,Shefali Alvares"
3W1XPf7mvuQcWQB7U7MbTM,Dilliwaali Girlfriend,"Pritam,Arijit Singh,Sunidhi Chauhan"
5YY8EsBdUYAg1NJQIvgCEj,Ghagra,"Pritam,Rekha Bhardwaj,Vishal Dadlani"
18e3XXYCv4Tx8uUl1mP3CN,Balam Pichkari,"Pritam,Vishal Dadlani,Shalmali Kholgade"
5beP0jhGEjYjd485eBczvZ,The Jawaani Song,"Vishal-Shekhar,Vishal Dadlani,Payal Dev,Kishore Kumar"
4tjLYTXFqZhkUDga4bQ0yl,"Dilbar (From ""Satyameva Jayate"")","Neha Kakkar,Dhvani Bhanushali,Ikka,Tanishk Bagchi"
6oDHAjaJJjwwgoAuMIeY9K,"Ek Toh Kum Zindagani (From ""Marjaavaan"")","Neha Kakkar,Yash Narvekar,Tanishk Bagchi"
2AjGLmuZK1fu21n1IpB9RU,Swag Se Swagat,"Vishal-Shekhar,Julius Packiam (Tiger Theme),Vishal Dadlani,Neha Bhasin,Irshad Kamil"
5MnAi6ZF7cE8pAz7wYr9Ta,Dil Diyan Gallan,"Vishal-Shekhar,Atif Aslam,Irshad Kamil"
4ymPEyiXabTe1NO8q8EFxG,"Chogada (From ""Loveyatri"")","Darshan Raval,Asees Kaur,Lijo George-Dj Chetas"
5O932cZmzOZGOGZz9RHx20,Khairiyat,"Pritam,Arijit Singh"
57jOEZtoLQK4zF2x55bdkp,"Tu Hi Yaar Mera (From ""Pati Patni Aur Woh"")","Rochak Kohli,Arijit Singh,Neha Kakkar"
1iF6lrJludTZmfgMgXPqSe,Nachange Saari Raat,"Meet Bros.,Neeraj Shridhar,Tulsi Kumar"
7heMX7gyHP0mhTlNgd7Lxd,The Humma Song,"A.R. Rahman,Badshah,Tanishk Bagchi,Shashaa Tirupati,Jubin Nautiyal"
5HJvDTnAaDWqhsE841I1QR,Kamariya,"Lijo George,Dj Chetas,Darshan Raval"
7hXnhouVPnOnFwCGrQMHvB,Cutiepie,"Pritam,Pardeep Singh Sran,Nakash Aziz"
5FihcmME7NlwW8KbYOaHVH,The Breakup Song,"Pritam,Arijit Singh,Badshah,Jonita Gandhi,Nakash Aziz"
2LcXJP95e4HKydTZ2mYfrx,Tujh Mein Rab Dikhta Hai,"Salim–Sulaiman,Roop Kumar Rathod,Jaideep Sahni"
2UKK9UEbKlykbmLVP1zWIQ,Haule Haule,"Salim–Sulaiman,Sukhwinder Singh,Jaideep Sahni"
5EqggGHTuqiUfruO2gMHhI,Dance Pe Chance,"Salim–Sulaiman,Sunidhi Chauhan,Labh Janjua,Jaideep Sahni"
00slEv0AYGnW85H84XsmGz,Phir Milenge Chalte Chalte,"Salim–Sulaiman,Sonu Nigam,Jaideep Sahni"
74AqVxZ3oXwJ8olHssBUG3,Ainvayi Ainvayi,"Salim–Sulaiman,Salim Merchant,Sunidhi Chauhan,Amitabh Bhattacharya"
0U9a0NZ8UQpnix2lBElFAx,Ladki Kyon,"Jatin-Lalit,Alka Yagnik,Shaan,Prasoon Joshi"
7kTDTw5oX657IHsmkXvnjJ,Chak De,"Jatin-Lalit,Sonu Nigam,Sadhana Sargam,Prasoon Joshi"
6YRbDkyTzsizAWFz8kwiI7,Hum Tum,"Jatin-Lalit,Alka Yagnik,Babul Supriyo,Prasoon Joshi"
2kH6gNYPqlLZdGxrt7Pmc6,Gore Gore,"Jatin-Lalit,Alka Yagnik,Prasoon Joshi"
0oaF3jKUzt03X2Ze06jxt3,Yaara Yaara,"Jatin-Lalit,Alka Yagnik,Udit Narayan,Prasoon Joshi"
0HXoqhRo68wzSug7CwiOHZ,Hum Tum (Instrumental),"Jatin-Lalit,Prasoon Joshi"
32aiiYZCcgJpXmrotqRjdQ,U-n-I (Mere Dil Vich Hum Tum),"Veronica Mehta,Juggy D."
2iGnFW7m517taq3AJIE6DK,Milne Hai Mujhse Aayi,Arijit Singh
06zJUeKU5KFy50Cho6pDcr,Aasan Nahin Yahan,Arijit Singh
55eUtE9v3uatR0y0NijM6N,Hum Mar Jayenge,"Tulsi Kumar,Arijit Singh"
3E9ryvrKP3hUWX79PAakH2,Meri Aashiqui,"Palak Muchhal,Arijit Singh"
6bdpj89aYEBjhpsenXAsmO,Enna Sona,"A.R. Rahman,Arijit Singh"
6TFESXMfJJWwccviaxGAMa,Humsafar,"Akhil Sachdeva,Mansheel Gujral"
24wb8Da2xkll8xZTjz0P6J,Ratta Maar,"Vishal-Shekhar,Shefali Alvares,Vishal Dadlani"
1hQia6rxgfM1ly2hE3StWp,Ishq Wala Love,"Vishal-Shekhar,Salim Merchant,Neeti Mohan,Shekhar Ravjiani"
7DbE178OOsJfJKyiNObOsw,Kukkad,"Vishal-Shekhar,Shahid Mallya,Nisha Mascarenhas,Marianne D'Cruz Aiman"
31phvnfUfwzi0nf3dO814j,Vele,"Vishal-Shekhar,Vishal Dadlani,Shekhar Ravjiani"
3Zfi5w9GOw8pOVuHNUYir1,Mashup of the Year - DJ Kiran Kamath Remix,"Vishal-Shekhar,Salim Merchant,Udit Narayan,Shahid Mallya,Benny Dayal,Sunidhi Chauhan,Vishal Dadlani,Shekhar Ravjiani"
3vqJY3pVELLIxqXXyI08yr,Roobaroo,"A.R. Rahman,Naresh Iyer"
500H9ENeR5AYbKU1ScK6ME,Luka Chuppi,"A.R. Rahman,Lata Mangeshkar"
24yXlW2gLgQ780uTgKUy3u,"Khoon Chala (From ""Rang De Basanti"")","A.R. Rahman,Mohit Chauhan"
4oJpUUiIXPJyptq2WsjekT,"Ala Barfi (From ""Barfi!"")","Pritam,Mohit Chauhan"
4GagsETs7qfR3cwQkRcXgb,Main Kya Karoon,"Pritam,Nikhil Paul George"
1sYC1fG7s4p0pTykrJqmgW,Kyon,"Pritam,Papon,Sunidhi Chauhan"
7fpWJr5shT90KiCHXKHxch,Phir Le Aya Dil - Reprise,"Pritam,Arijit Singh"
7ttlemwytO21npSmLKqTBg,Aashiyan,"Pritam,Shreya Ghoshal,Nikhil Paul George"
4I5Xcdu5Hnki1aP0Uxbs4n,Saawali Si Raat,"Pritam,Arijit Singh"
5zpshtPITFI3O5qBIlayAa,Ala Barfi (Kaju Barfi),"Pritam,Swanand Kirkire"
2OvldWM8rVnp7QCn9eCrr1,Phir Le Aya Dil,"Pritam,Rekha Bhardwaj"
1vn8VYWZKvSbTtYybNDapv,"Raabta (Title Track) [From ""Raabta""]","Arijit Singh,Nikhita Gandhi"
64i0BDadKSl5cwPKn5ovpy,"Galti Se Mistake (From ""Jagga Jasoos"")","Arijit Singh,Amit Mishra"
4CNPvXitHV8MBTGLoQ4udN,"Ik Vaari Aa (From ""Raabta"")",Arijit Singh
0E6t0cboHx0Kpb3GDlo8q4,"Tum Hi Ho (From ""Aashiqui 2"")",Arijit Singh
5DB9VJk6vIpdDnivkWR4TK,"Ullu Ka Pattha (From ""Jagga Jasoos"")","Arijit Singh,Nikhita Gandhi"
0bElUnqWc9qri7bCIPG5eZ,"Main Tera Boyfriend (From ""Raabta"")","Arijit Singh,Neha Kakkar,Meet Bros."
3Y4LaBQv53N0QLnmYYEZNZ,"Soch Na Sake (From ""Airlift"")","Amaal Mallik,Arijit Singh,Tulsi Kumar"
0EtNFlXJtMUeMaW9CNcArS,"Darkhaast (From ""Shivaay"")","Mithoon,Arijit Singh,Sunidhi Chauhan"
78qWmfXSq2keXxXdXIrAO6,"Roke Na Ruke Naina (From ""Badrinath Ki Dulhania"")",Arijit Singh
0zqbqKZEhZeNEYTeVmFhTC,"Dil Ke Paas (From ""Wajah Tum Ho"")","Arijit Singh,Tulsi Kumar,Neuman Pinto"
4Di6iMZhcFCSjYa1fkXZ0B,"Sanam Re (From ""Sanam Re"")","Mithoon,Arijit Singh"
0Lb4E5CmM3awtH5HZkE9fv,"Agar Tum Saath Ho (From ""Tamasha"")","Alka Yagnik,Arijit Singh"
2qqCcnnXYHbT2nub7SgIOY,"Mast Magan (From ""2 States"")","Arijit Singh,Chinmayi"
6Y3CLsxhgzhkWm98OmTwrQ,"Phir Kabhi (From ""M.S.Dhoni - The Untold Story"")",Arijit Singh
5AJwSNZRAi1S6K9LSLfXwr,"Kabira (Encore) [From ""Yeh Jawaani Hai Deewani""]","Harshdeep Kaur,Arijit Singh"
7xcDIYdSddAX3TMzLFsm91,"Kabhi Jo Baadal Barse (From ""Jackpot"")",Arijit Singh
1vsLKoccuY0NxkRJjZgcMr,"Lambiyaan Si Judaiyaan (From ""Raabta"")","Arijit Singh,Shadab,Altamash Faridi"
4tR4RIcXr5HBsaTaNF9PxC,"Itni Si Baat Hain (From ""Azhar"")","Arijit Singh,Antara Mitra"
0tgwvpBXcw7GURJRqBnc4g,"Girl I Need You (From ""Baaghi"")","Meet Bros.,Roach Killa,Khushboo Grewal,Arijit Singh"
7ryCCUf0QCBQBIDB6Omp50,"Main Hoon Deewana Tera (From ""Ek Paheli Leela"")","Meet Bros Anjjan,Arijit Singh"
1dOBU0QxHV70fVL5PJ8kgD,"Baaton Ko Teri (From ""All Is Well"")",Arijit Singh
0zesdvhSoE3N2pjfcKTviI,"Sooraj Dooba Hain (From ""Roy"")","Arijit Singh,Aditi Singh Sharma"
2IBOMCdlKEZ0aWh44BRANV,"Suno- Na Sangemarmar (From ""Youngistaan"")",Arijit Singh
3CxQ7ZCaZuI81U4i41BLG5,"Sawan Aaya Hai (From ""Creature 3D"")",Arijit Singh
3AJ6uSlFH1VIgIQRQhrUSl,"Raat Bhar (From ""Heropanti"")","Arijit Singh,Shreya Ghoshal"
35opCie8Dyc1MNzNeqdudN,"Aaj Phir (From ""Hate Story 2"")","Arijit Singh,Samira Koppikar"
3ZdJEqvVctajM5ijhCJcYy,"Tose Naina (From ""Mickey Virus"")",Arijit Singh
2LSKOy2mT9lRkipZEi4GjS,"Kashmir Main Tu Kanyakumari (From ""Chennai Express"")","Sunidhi Chauhan,Arijit Singh,Neeti Mohan"
2BOAvuo1S9lgKfJ2O1evPP,"Chahun Main Ya Naa (From ""Aashiqui 2"")","Palak Muchhal,Arijit Singh"
6U7K35NrdOzxUbh4nuuz7U,"Duaa (From ""Shanghai"")","Nandini Srikar,Arijit Singh"
7u1XgfMvkA6KUbHOmIJTUb,Pa Pa Pagli,Sonu Nigam
6ci9DNOBLvA7jVDkMYf5Df,Chaand Ne Kaho,"Jigardan Gadhavi,Sachin Sanghvi,TANISHKAA SANGHVI"
5iAIsx1NuehpMA1Y5luZOA,Athdaya Karu Chhu,"Punit Gandhi,Smita Jain,Malhar Thakar,Maulik Nayak,Aarohi Patel"
3CgkkWpIRsJFzHR9gFPFrn,Dhun Laagi,"Siddharth Amit Bhavsar,Malhar Thakar,Maulik Nayak,Aarohi Patel"
4cNQUJA0VWw3qHbkzW2DEm,Dhun Laagi (Sad Version),"Siddharth Amit Bhavsar,Malhar Thakar,Maulik Nayak,Aarohi Patel"
09uCj7kChdLWkqQbFzv7Jb,I Love You Re Mari Savaar,"Jonita Gandhi,Malhar Thakar,Maulik Nayak,Aarohi Patel"
3GK5OJae5buHEaHvTNhLkS,Vhalam Aavo Ne,"Jigardan Gadhavi,Malhar Thakar,Maulik Nayak,Aarohi Patel"
3MLaBFpRQg66Vq4cAbdz1h,Vhalam Aavo Ne (Female Vocals),"Aishwarya Majmudar,Malhar Thakar,Maulik Nayak,Aarohi Patel"
2JlXGz7byruCANfNeUWJ7q,Vhalam Aavo Ne (Male Vocals),"Jigardan Gadhavi,Malhar Thakar,Maulik Nayak,Aarohi Patel"
0H2iJVgorRR0ZFgRqGUjUM,Channa Mereya,"Pritam,Arijit Singh"
0l6g8Z8mqGbGXFOjigYetD,Hawayein,"Pritam,Arijit Singh"
3GrCQPpKqKzOcKfMAoqn82,"Bolna (From ""Kapoor & Sons (Since 1921)"")","Tanishk Bagchi,Arijit Singh,Asees Kaur"
7g9PQTzzZt9ZwyrdTynUAP,"Ae Dil Hai Mushkil Title Track (From ""Ae Dil Hai Mushkil"")","Pritam,Arijit Singh"
6GSdvyMHLfbw1aC1ffifLf,"Hamari Adhuri Kahani (Title Track) [From ""Hamari Adhuri Kahani""]","Jeet Gannguli,Arijit Singh"
3UPkhbA9UadbiqE3ANIenE,"Tu Har Lamha (From ""Khamoshiyan"")","Bobby-Imran,Arijit Singh"
251PNRmJU9KcUnFQAB5t6I,Kal Ho Naa Ho,"Shankar-Ehsaan-Loy,Sonu Nigam"
1uzkWkIaWaxzHJgJ4Fy5rO,Bole Chudiyan,"Jatin-Lalit,Amit Kumar,Sonu Nigam,Alka Yagnik,Udit Narayan,Kavita Krishnamurthy"
7Czm0vv2sYL5z4P51KY66e,Maahi Ve,"Shankar-Ehsaan-Loy,Sadhana Sargam,Sujata Bhattacharya,Udit Narayan,Sonu Nigam"
4orEOb27nON0TWsHvlVAxb,Baarishein,"Atif Aslam,Arko"
3zqFsowz5iGbYIxZW5KlKw,"Tera Hua (From ""Loveyatri"")","Atif Aslam,Tanishk Bagchi"
5ZhKD46Q7mhsl0awl7ZMJc,"Jeena Jeena (From ""Badlapur"")",Atif Aslam
5doYtCoJ8KpfkFczP3F2ad,Dooriyan,"Mohit Chauhan,Pritam"
5SrwiD9gdmp8VgBP4xv8JU,Chittiyaan Kalaiyaan (feat. Kanika Kapoor),"Meet Bros Anjjan,Kanika Kapoor"
0zRsGGueSQLRkYWs4kPA4V,Naah,"Harrdy Sandhu,Jaani"
1fzAokzOONl4XEPUFoammu,"Agar Tum Saath Ho (From ""Tamasha"")","Alka Yagnik,Arijit Singh"
4bD9z9qa4qg9BhryvYWB7c,Kabira,"Pritam,Tochi Raina,Rekha Bhardwaj"
2S6N9pbnkhQRyAx80HmF79,"Banjaara (From ""Ek Villain"")",Mohammed Irfan
3jyqXdAjwqO3gFtjnYrbq9,"Ek Ladki Ko Dekha Toh Aisa Laga (From ""Ek Ladki Ko Dekha Toh Aisa Laga"")","Darshan Raval,Rochak Kohli"
1feANd8EfcDP5UqSvbheM3,"Bekhayali (From ""Kabir Singh"")","Sachet Tandon,Sachet-Parampara"
6vuMdb0E8buJeSHArN3dXk,"Chale Aana (From ""De De Pyaar De"")","Amaal Mallik,Armaan Malik,Kunaal Vermaa"
0mHU8dcIvGrGDazLMmQpSg,Tujhe Kitna Chahein Aur (Film Version),Jubin Nautiyal
0ojpEubhy4JNeVftmVuiN7,Pehla Pyaar,"Vishal Mishra,Armaan Malik"
6cARnc9YVlBNigjNSX63pp,"Dilbar (From ""Satyameva Jayate"")","Neha Kakkar,Dhvani Bhanushali,Ikka"
5cjVsWqIkBQC7acTRhL0RO,Kamariya,"Aastha Gill,Sachin Sanghvi,Jigar Saraiya,Divya Kumar"
1jjSjma0cfNUhyOUzQqt6J,Tu Bin Bataye,"A.R. Rahman,Madhushree,Naresh Iyer"
0pw3p4gf5homOkvOGOJulF,Tune Jo Na Kaha,"Pritam,Mohit Chauhan,Sandeep Shrivastava,Pankaj Awasthi"
7uNnlVit5qDvfOje0pqICF,Tum Ho,"Mohit Chauhan,Suzanne D'Mello"
4r8JqkhpTb5tzSKKHnVJIJ,Tujhe Bhula Diya,"Mohit Chauhan,Shekhar Ravjiani,Shruti Pathak"
3E424W0IJS3ypZ4YOxE0Jn,Kahin To,"Rashid Ali,Vasundhara Das"
59vbPXCgc6oxbSzMfVBLNb,Shaitan Ka Saala,"Sohail Sen,Vishal Dadlani"
1TEV1XrPtV617Y4Po50P5e,Baarish Lete Aana,Darshan Raval
6mTvwBzWTGDOVeCNQEqtOE,Soch Na Sake,"Amaal Mallik,Arijit Singh,Tulsi Kumar"
3T0oPETOdddxJ2xTt2qJe4,Aaya Na Tu,"Arjun Kanungo,Momina Mustehsan"
1y1rQTkWmrZdJmjwuK07GC,"Kaise Hua (From ""Kabir Singh"")","Vishal Mishra,Manoj Muntashir"
517bz7zkWELmyL4eZzJ5R9,"Galliyan (From ""Ek Villain"")",Ankit Tiwari
1tKhy83q8OsdcpZaX9N4Z2,Abhi Abhi,KK
2U0BLmYoSESYOdwMxW2yA9,"Chal Ghar Chalen (From ""Malang - Unleash The Madness"") [Mithoon feat. Arijit Singh]","Mithoon,Arijit Singh"
5zEx8v8GJKoTx55zGeq8me,"Dua Karo (From ""Street Dancer 3D"")","Sachin-Jigar,Arijit Singh,Bohemia"
068HSvCf5MbQfhV4qqaelg,"Haan Main Galat (From ""Love Aaj Kal"")","Pritam,Arijit Singh,Shashwat Singh"
018eOid2aGaPdxon7T6GsC,"Shayad (From ""Love Aaj Kal"")","Pritam,Arijit Singh"
3QOkeMwt2pRmjwgB217fqF,"Mehrama (From ""Love Aaj Kal"")","Pritam,Darshan Raval,Antara Mitra"
1awtp7rf6ajhGY9BgzCHeZ,"Darkhaast (feat. Arijit Singh, Sunidhi Chauhan)","Mithoon,Arijit Singh,Sunidhi Chauhan"
02J3mNwGfcOS7jjAUfzMgV,Aur Tanha,"Pritam,KK"
6Ir5Iot0WCEJUr45rMUFwx,"Faaslon Mein (From ""Baaghi 3"")","Sachet Tandon,Sachet-Parampara"
369oZK7hzwq2wHzRWzs9xh,Teri Fariyad,"Rekha Bhardwaj,Jagjit Singh"
4K7l6gzsSPKkB3mzokEDKQ,Dekh Lena,"Arijit Singh,Tulsi Kumar"
1PIdD3TAWefcwTpcciCRs8,Teri Fariyad Extended Version,"Rekha Bhardwaj,Jagjit Singh"
1PeRg9W5DoxtvjgeqHdmtI,"Bairiyaa (From ""Ramaiya Vastavaiya"")","Atif Aslam,Shreya Ghoshal"
2X72RoxsswQEfzOWYDSBWD,Rahogi Meri,"Pritam,Arijit Singh"
7N30pzJGFwnYU8iuzxWS7l,Ajj Din Chadheya,"Rahat Fateh Ali Khan,Pritam"
5Of322tYUWrlb3aQ04PYGO,"Girl I Need You (From ""Baaghi"")","Meet Bros.,Roach Killa,Khushboo Grewal,Arijit Singh"
5BddgREMlA4QjKJLQF99fY,Ding Dang,"Amit Mishra,Antara Mitra,Javed-Mohsin"
7KF2NJNmZWHhH1KvcfpXGU,"Teri Ore (From ""Singh Is Kinng"")",Rahat Fateh Ali Khan
4WK5FZJL84wdxPlYrlMHku,"Rabba (From ""Heropanti"")",Mohit Chauhan
3bZPdEskcnMdepwCaDSJRl,Bin Tere,"Vishal-Shekhar,Shafqat Amanat Ali,Sunidhi Chauhan"
0PFCvw1vQkxKasIpG2EJJM,Tere Liye,"Mannan Shaah,Atif Aslam,Akanksha Bhandari"
2si0ZNx4yRbggTvrIom8A2,Paniyon Sa,"Rochak Kohli,Atif Aslam,Tulsi Kumar"
3kYlKr1xGsBS7mluB9W7AV,"Main Agar (From ""Tubelight"")","Pritam,Atif Aslam"
2I2NQ6nvVLKRHya5iB0rEB,Zindagi Aa Raha Hoon Main,"Atif Aslam,Amaal Mallik"
52itZ0w0CydihB2JCZEIft,Pee Loon,"Pritam,Mohit Chauhan"
3d1wVI3rKahHUYLGildKBq,Guzaarish,"KK,Shail Hada"
1UQbGGBQKyNU1tfCQS96Rx,Tera Zikr,"Shail Hada,Rakesh Pandit"
6kzj1MWS5tFsoOZUz4c8Hc,Tauba Tumhare Ishare,"Abhijeet,Alka Yagnik"
4KCbZcshgibfJSCAkg87Lv,Jag Ghoomeya,"Vishal-Shekhar,Rahat Fateh Ali Khan,Irshad Kamil"
6O6L3hL5IlKuMhMqggTX4w,"Musafir (From ""Sweetiee Weds Nri"")","Palash Muchhal,Atif Aslam,Palak Muchhal"
7gZwhDmzciskHbZemjf931,Kar Har Maidaan Fateh,"Sukhwinder Singh,Shreya Ghoshal"
29wRh7aUncjPkqWVkZStH2,Main Badhiya Tu Bhi Badhiya,"Sonu Nigam,Sunidhi Chauhan"
2r5HFOAuvPhyo0qvY32Dlo,Ek Tukda Dhoop,Raghav Chaitanya
5b7u3idwfY2LyqMQlCwscm,"Kaun Tujhe (From ""M.S.Dhoni - The Untold Story"")",Palak Muchhal
6scAzfVRotuyZgGw8RRTN9,"Tera Chehra (From ""Sanam Teri Kasam"")",Arijit Singh
7yEuRloGyxyu1KaWBTPP1Z,"Slow Motion (From ""Bharat"")","Shreya Ghoshal,Nakash Aziz,Vishal-Shekhar"
5YUZpKW1nRVtxsy3sN6q1g,Tharki Chokro,Swaroop Khan
0NbsId64Ern8x1fThsnSdG,Nanga Punga Dost,Shreya Ghoshal
0bYDMpQ94LnF38FiOlc8K9,Chaar Kadam,"Shaan,Shreya Ghoshal"
0q8g9felKNWRG6lBxQ7FX6,Love Is A Waste Of Time,"Sonu Nigam,Shreya Ghoshal"
6QXOeVS0RuwbMrI4ud2Lud,Bhagwaan Hai Kahan Re Tu,Sonu Nigam
383Joat1pE0yLpjQmbMrJQ,Pk Dance Theme,Shantanu Moitra
64uIY06wOtU9o8r3c1rx1x,Dil Darbadar,Ankit Tiwari
5FXMRdJjKq1BIX4e8Eg9mK,Ajab Si,KK
0iXLwnLmLwn9y54JtBTNxY,Main Agar Kahoon,"Sonu Nigam,Shreya Ghoshal"
2XlrUrbMQnveIQUIJsVi5G,Thode Badmash,"Sanjay Leela Bhansali,Shreya Ghoshal"
5G7pZ8G8NFvS1MQ9H4L7dC,Pal,"Javed-Mohsin,Arijit Singh,Shreya Ghoshal,Kunaal Vermaa,Prashant Ingole"
6dN6k8fcjeB3Z2zLnxeyhP,Daryaa,"Ammy Virk,Shahid Mallya"
4byiHL0b9mIoCUCjbjI4eA,"Gazab Ka Hai Din (From ""Dil Juunglee"")","Jubin Nautiyal,Prakriti Kakar"
3jtKSUiVDowKNBqVQbWaig,Iktara,"Amit Trivedi,Kavita Seth,Amitabh Bhattacharya"
5fXslGZPI5Cco6PKHzlSL3,"Illegal Weapon 2.0 (From ""Street Dancer 3D"")","Jasmine Sandlas,Garry Sandhu,Tanishk Bagchi,Intense"
4OpMZ7bkqZBKhqaU668Oid,"Soni Gujarat Ni (From ""Golkeri"")","Mika Singh,Parthiv Gohil"
2Vw94w6FxCyaYwyCivi9Py,Tere Naal,"Tulsi Kumar,Darshan Raval"
2EPOgSRhA90xWGVtNZwEv8,Tu Har Lamha,"Bobby-Imran,Arijit Singh"
46HqZTCD7Wqd0Q95iuuHmt,"Mirchi Lagi Toh (from ""Coolie No. 1"")","Kumar Sanu,Alka Yagnik,Anand-Milind,Lijo George,Dj Chetas"
3jxNbVmugKWFFc3YAVl0sD,Aabaad Barbaad,"Pritam,Arijit Singh"
6PSnuiPaz2cAPOmqo0aI3E,O More Saiyaan,Monu Music
4QEytRwdtpdbexU2ZFVZbj,Lag Ja Gale,Sanam
606dT4oMKQc9uDUv7ADy97,Duaa,"Nandini Srikar,Arijit Singh"
6qhTVtHIsK8WVf7biagk7O,Moti Veraana (From Songs of Faith),"Amit Trivedi,Osman Mir"
6qUUSxbKoxvMK2Joi8kKs8,"Chaav Laaga (From ""Sui Dhaaga - Made In India"")","Anu Malik,Papon,Ronkini Gupta,Varun Grover"
189DQylImZ1hGZaIpAQUzx,Moh Moh Ke Dhaage (Male),"Anu Malik,Papon,Varun Grover"
7uubRr0u9Zxc1Y84hEn7Xf,Moh Moh Ke Dhaage (Female),"Anu Malik,Monali Thakur,Varun Grover"
2mwBSO58y92EYmEFpDfmS7,Suit Suit,"Guru Randhawa,Arjun"
5yYgGkyYJmmSwRp3caFplJ,Radha,"Pritam,Shahid Mallya,Sunidhi Chauhan"
0j0bk7gBFUztQWdSgt6dpj,"Dil Jaaniye (From ""Khandaani Shafakhana"")","Tulsi Kumar,Jubin Nautiyal,Payal Dev"
3ZjMdVOWxQ53FKrmkgCv95,"Psycho Saiyaan (From ""Saaho"")","Sachet Tandon,Dhvani Bhanushali,Tanishk Bagchi"
6FjbAnaPRPwiP3sciEYctO,Raabta,"Pritam,Arijit Singh"
4e9dIemIXO8Tzg0k4aWujk,"Raabta (Title Track) [From ""Raabta""]","Pritam,Arijit Singh,Nikhita Gandhi"
19wOSn9fvMZw7oxedYsc85,Aaj Jane Ki Zid Na Karo,Monu Music India
4OoupPCI1n0ehQ6ewyG4bV,Sacchi Mohabbat,"Shahid Mallya,Jonita Gandhi"
2g8fA9Ijc3sAlfkQFlYxsf,"Panghat (From ""Roohi"")","Sachin-Jigar,Asees Kaur,Divya Kumar,Mellow D"
1juJ3mwsFerctbngtK42G4,Saware,"Pritam,Arijit Singh"
1zmNfJiRKcGeE9kF7nAEsE,Jo Tum Aa Gaye Ho,"Arijit Singh,Samuel - Akanksha"
2HbrsAxOZfG0s1xCQuk6nB,"Desh Mere (From ""Bhuj The Pride Of India"")","Arijit Singh,Arko,Manoj Muntashir"
5OMUXgfXsSukZ0zxelpC3b,Raanjhanaa,"A.R. Rahman,Jaswinder Singh,Shiraz Uppal"
2XQt5HvMzSTW4FMbhgKP92,Zindagi,Srinivas
3Icnk4l8TPaLVRdp0raK16,Hututu,"A.R. Rahman,Shashaa Tirupati"
4sPmO7WMQUAf45kwMOtONw,Hello,Adele
0QLXkoV7vX86QEibgLe6zQ,I Miss You,Adele
7IWkJwX9C0J7tHurTD7ViL,When We Were Young,Adele
7GgQi7JTG4b6J4iEF4RTjF,Remedy,Adele
4vb4mFvYsr2h6enhjJsq9Y,Water Under the Bridge,Adele
60jkAyuEyOnQKlrppOTYYx,River Lea,Adele
6oQRvWaoFDJpTTnaWdzhXt,Love in the Dark,Adele
5VwSwu1zeiMGAjwe9nUmzZ,Million Years Ago,Adele
1wMALZpuqAy7amQsFBWQ8m,All I Ask,Adele
7nY8TY0Wk7kBIJi2Zv8JoR,Sweetest Devotion,Adele
1CkvWZme3pRgbzaxZnTl5X,Rolling in the Deep,Adele
76N7FdzCI9OsiUnzJVLY2m,Rumour Has It,Adele
5O6yk6U8L3rTbFsIwuqe8H,Turning Tables,Adele
24cKN8P2uGWypxTw5WaNlq,Don't You Remember,Adele
3CKCZ9pfwAfoMZlMncA1Nc,Set Fire to the Rain,Adele
4ThTvhGNae80mrLsMzs4Hb,He Won't Go,Adele
6jL1DEdjmOa27inIgU088B,Take It All,Adele
3QEYmDt1FwOkFBFD74cEzZ,I'll Be Waiting,Adele
4I3KMa9p00MJwWbT0vi5iX,One And Only,Adele
2rnvHrNnkWMcAkl4S1WlRg,Lovesong,Adele
4kflIGfjdZJW4ot2ioixTB,Someone Like You,Adele
3Du2K5dLzmduCNp6uwuaL0,Sorry Not Sorry,Demi Lovato
7jJd4jFpNgWkU3CWELvnmK,"Hoshwalon Ko Khabar Kya (From ""Sarfarosh"")","Jagjit Singh,Jatin-Lalit"
4Ue1sSApSLyxMVkDH8yasJ,O Maa Tujhe Salam,"Jagjit Singh,Laxmikant–Pyarelal"
7gRnTdMK7pmZLfncNzRJlJ,"Badi Nazuk Hai Ye Manzil (From ""Jogger's Park"")",Jagjit Singh
0kh6ko6Wzsy6HiZelUwEN9,"Rishton Mein Daraar (From ""Rishton Mein Daraar Aayee"")",Jagjit Singh
6UGgHAjktdpnTXBQI5wykW,"Jeevan Kya Hai (From ""Jeevan Kya Hai"")",Jagjit Singh
0lwwxtRK45Okv4AgT0jJXW,"Garaj Baras (From ""Insight"")",Jagjit Singh
4n1MHOIj6vmD0LIzKXoDkA,Mere Kareeb Na Aao,Jagjit Singh
5YRIA4R9ZVDU4HGs8NxiPP,"Kaise Kaise Rang (From ""Kalka"")",Jagjit Singh
6twI79u1chjNKi6tJNeQR4,Woh Dil Hi Kya Tere Milne Ki Dua Na,Jagjit Singh
1RRSTeBCcvuuykGizqkiRe,"Yeh Zindagi (From ""Insight"")",Jagjit Singh
4UeCYxa0FKlI8wOddxZMJC,Yeh Sheeshe Yeh Sapne,Jagjit Singh
0cVvf34KQxsfBWXLbMfXNJ,"Tera Chehra Kitna Suhana Lagta Hai (From ""Unique - Jagjit Singh"")",Jagjit Singh
1PUl465XpjQ3At45WCkBfK,"Kuch Na Kuch (From ""Visions - Vol. 2"")",Jagjit Singh
462oxnhXD96y53K3RPVoY0,"Nazar Nazar Se (From ""Visions - Vol. 1"")",Jagjit Singh
1Id0bhMj85YvQFBBRhMNjM,Sar Jhukaoge Toh,Jagjit Singh
1VrheK4CdhX74nrOSNIFtH,Pehla Nasha,"Udit Narayan,Sadhana Sargam"
53SyjeUrYqpGjKbrSfXbuI,Ek Ladki Ko Dekha,Kumar Sanu
6FZrX6epdqcaQHx9LFRcuf,"Tujhe Dekha To (From ""Dilwale Dulhania Le Jayenge"")","Lata Mangeshkar,Kumar Sanu"
3ci9YeXRulpmFPDvqneVwc,"Chura Liya Hai Tumne Jo Dil Ko (From ""Yaadon Ki Baaraat"")","Asha Bhosle,Mohammed Rafi"
7jV2zwwRKvHoLA8WFr3SCN,Ho Gaya Hai Tujhko To Pyar Sajna,"Lata Mangeshkar,Udit Narayan"
418v2RdbaHUOdWJt5AzOMP,Kabhi Kabhi Mere Dil Mein - Duet,"Mukesh,Lata Mangeshkar"
4SVLJYv9gJQgFhtJdW3TEX,Tum Itna Jo Muskura Rahe Ho,Jagjit Singh
6OBnmsS9w6mdYmEgxwc2BG,"Tum Ko Dekha To Yeh Khayal Aaya (From ""Saath Saath"")","Jagjit Singh,Chitra Singh"
2k2wbpYLNBmaI6o06KWOgN,"Chura Ke Dil Mera (From ""Main Khiladi Tu Anari"")","Kumar Sanu,Alka Yagnik"
3xmOPoqoc77SlEIcmhoQK6,"Jab Koi Baat Bigad Jaye (From ""Jurm"")","Kumar Sanu,Sadhana Sargam"
5mmaCeOHi3qKL2kwlCBKZ7,Main Shair To Nahin,Shailendra Singh
3P30d9Ayuy7IW88RvAvFMl,Main Pal Do Pal Ka Shair Hoon,Mukesh
4fLTtg48X0QtKrj0Jv8I3v,Hey Angel,One Direction
2K87XMYnUMqLcX3zvtAF4G,Drag Me Down,One Direction
6N5xh0tYYLTQRiCCaNbAUt,Infinity,One Direction
5AezhHjX3R1bmxcAEgrFpS,End of the Day,One Direction
5CRVwXGikmqzoRO6q7FeAg,If I Could Fly,One Direction
2UFOh8iMQ2DON7sl3lqGJH,Long Way Down,One Direction
7rdP71W8x4UbJ0KAKBACbo,Never Enough,One Direction
5dONhl6aXFuN86UBdayF6W,Olivia,One Direction
0iSWAT0EL8TwmzcgBjKMh6,What a Feeling,One Direction
1ZWLWVqeEMWMKTlteS0yLH,Love You Goodbye,One Direction
608R6FvRtAqf2dvgKMzebP,I Want to Write You a Song,One Direction
0HMjXBAZmSYOTTi33WpMso,History,One Direction
2Xcvt8NRLw0xbB3ClfW8MI,Temporary Fix,One Direction
1ZycJRpLOazlLcoFGxGROO,Walking in the Wind,One Direction
4hJfmMjy3wFIOknfYwhouY,Wolves,One Direction
5omYVLodGmaxnhua99xIE8,A.M.,One Direction
2Bs4jQEGMycglOfWPBqrVG,Steal My Girl,One Direction
7GtGeeChOx4NS77bqK8SUx,Ready to Run,One Direction
6HFywc5eQYRRYHYTatCb5Y,Where Do Broken Hearts Go,One Direction
3JjnGLK8IxkNLvo8Lb3KOM,18,One Direction
5UgsZiYk1lkEobuPHmRtWm,Girl Almighty,One Direction
0L5gFNrzHyh4OhMwEz6DGS,Fool's Gold,One Direction
5O2P9iiztwhomNh8xkR9lJ,Night Changes,One Direction
4JaLkM90MJutDAl5jD9BZX,No Control,One Direction
34aYkYrY3sXhEU9O4VQgtB,Fireproof,One Direction
4lrC9aBnzlG9U5DDoHMnyt,Spaces,One Direction
6AzCBeiDuUXGXjznBufswB,Stockholm Syndrome,One Direction
6ibWCCEne6WEqDBAv7BeXv,Clouds,One Direction
2skzofTV9Ys3eN70pghEHL,Change Your Ticket,One Direction
23xx852ectQgmp1G78zSpd,Illusion,One Direction
1dD1aarWotVIiFo5gGdMc2,Once in a Lifetime,One Direction
4bqIFmnVAsndYWuXxAwQet,Act My Age,One Direction
5T7ZFtCcOgkpjxcuaeZbw0,Best Song Ever,One Direction
4nVBt6MZDDP6tRVdQTgxJg,Story of My Life,One Direction
6twW4ma6w0mOeejejPK0nY,Diana,One Direction
5wjmqUGN7vrAqFqDWrywlZ,Midnight Memories,One Direction
2afCBiru10AFckfOa49wIa,You & I,One Direction
3yhVmOZSpZqnhRrEiYI0EJ,Don't Forget Where You Belong,One Direction
3cKM7UXBZmgjEgEBTkaIlU,Strong,One Direction
5Lf9rCqReE9Ri4tZvLRLuy,Happily,One Direction
1dQQ2QlnvXUehsRUrukKmf,Right Now,One Direction
4lxaurdMyGkt1tOrdwRoVO,Little Black Dress,One Direction
1a0PcmEJAOEp4ZT3YtSLkM,Through the Dark,One Direction
2Jfsw01CDT5XetSFROs9v5,Something Great,One Direction
0O6VeBiFCwHrpVURJSsGsU,Little White Lies,One Direction
4qG3Um3jXlQnaQV1yVo3it,Better Than Words,One Direction
2pFEbA6GdNxBOMn9Egvowm,Why Don't We Go There,One Direction
3aGJClg6klBoSa0UZnXeMM,Does He Know?,One Direction
31tjImR06JCJswXViIvFuk,Alive,One Direction
6nIE1oCE4udqMGv3bqVNVb,Half a Heart,One Direction
6aGjEZ7kq3YXgD0EDt80O5,Live While We're Young,One Direction
0AkQbXGN4KG34TS7xLrM68,Kiss You,One Direction
7kSLdGdXLey7pzLsWpdg1h,Little Things,One Direction
65QVpgBIutEZlpDCi6AH2F,"C'mon, C'mon",One Direction
4RpsltwxERLiq6AXU39Dhx,Last First Kiss,One Direction
5zsYl9Nl4kQmPSjwscVASJ,Heart Attack,One Direction
7MbII8jWqFiTFYU3MPYEfW,Rock Me,One Direction
6ugHtf3IModjYQ7dHDuEhO,Change My Mind,One Direction
0SPGL2j5OrG1L7YvP6tT6X,I Would,One Direction
4RC5YmcpCbRsX3AtRzoQeh,Over Again,One Direction
3kSE08EYzWQSAf6o1v2U4V,Back For You,One Direction
72C7aUQECOhNtnD0AC36ua,They Don't Know About Us,One Direction
2LjmbI7LJt0RDg612cBi7U,Summer Love,One Direction
6HvGBgyevPFMrU3KPSHeRV,She's Not Afraid,One Direction
7g4mokbwKr5KXe4QK5YxLg,Loved You First,One Direction
4k4qvQSDrWHeKGtAPbJPYL,Nobody Compares,One Direction
1UAXlOxY1NXiJpP2sEK102,Still The One,One Direction
03oZejWqXLbKhhM4iTgShq,What Makes You Beautiful,One Direction
3UT493iwo6kvyL18zvAJE5,Gotta Be You,One Direction
6tKW2g2So84pCTZXE0Furx,One Thing,One Direction
7pWzcvjSSXlGS0Cn790Nb7,More Than This,One Direction
0UiPtG3O5NxIHDp8uy9jgM,Up All Night,One Direction
2nKO2ZU9DpUBUKrjTHk2jV,I Wish,One Direction
5ol6DEWpysoqvPlvq13q8n,Tell Me a Lie,One Direction
3F6mrGxmwnMJsevsSK86YC,Taken,One Direction
57YTtS0ryAWywzvCaMd5fL,I Want,One Direction
0eEAEX0VEC68pXQ1PeNzKX,Everything About You,One Direction
7qClUST3mATKunhOWXvs15,Same Mistakes,One Direction
3fg1UERgNjYfHETakq27Hs,Save You Tonight,One Direction
3Fld33fuWTUUmVx9BEkyDx,Stole My Heart,One Direction
0GD0y1mFuOOnFFoHnImoMM,Stand Up,One Direction
3yAmqW5F28duOyV60VtIgN,Moments,One Direction
07bky96LlghaYmiKPYTY3h,End of the Day,One Direction
1Fp6l6zY6qrBg7NuvYgp8n,History,One Direction
70OTIpw8x8UXUsuCHW9i1i,Drag Me Down,One Direction
6edI3NPQVWWmE1KTdaRzHA,Night Changes - Afterhrs Remix,"One Direction,Afterhrs"
7faQiBLuTTOUUs8rNoA5ml,Night Changes - Live Acoustic Session,One Direction
7bqB7SElrFR6VI0SiRPhvu,Steal My Girl - Live Acoustic Session,One Direction
0prNGof3XqfTvNDxHonvdK,Scars To Your Beautiful,Alessia Cara
6V1bu6o1Yo5ZXnsCJU8Ovk,Girls Like You (feat. Cardi B) - Cardi B Version,"Maroon 5,Cardi B"
0STK94RxUulYqWzwFlyAb5,Sober,Demi Lovato
1hJ6KojJObbRvjuVj8Ezya,Paper Houses,Niall Horan
3U4isOIWM3VvDubwSI3y7a,All of Me,John Legend
08bNPGLD8AhKpnnERrAc6G,FRIENDS,"Marshmello,Anne-Marie"
2iUXsYOEPhVqEBwsqP70rE,Youngblood,5 Seconds of Summer
0d2iYfpKoM0QCKvcLCkBao,Eastside (with Halsey & Khalid),"benny blanco,Halsey,Khalid"
514rhnksEwHUh6LxXsQ4Y9,Back To You,Selena Gomez
2VxeLyX666F8uXCJ0dZF8B,Shallow,"Lady Gaga,Bradley Cooper"
5p7ujcrUXASCNwRaWNHR1C,Without Me,Halsey
2ekn2ttSfGqwhhate0LSR0,New Rules,Dua Lipa
5xPazRvyrkVootu8pM9vUG,Rolling in the Deep,Adele
0cj2joJcY6b4XSRfj2eZOl,When We Were Young,Adele
2soCr3tI1sJ6lFrxBPQVzQ,Cold in LA,Why Don't We
6Yx181fZzA0YE2EkUsYruq,Big Plans,Why Don't We
74iZuPGwyL33VlTr6jTnab,Always Remember Us This Way,Lady Gaga
7q7jyVU0f0hnod8tsaUmxg,Speechless,Dan + Shay
42fw0rxRO2xbesF6mJfd4Y,Tequila,Dan + Shay
4y3OI86AEP6PQoDE6olYhO,Sucker,Jonas Brothers
6Qs4SXO9dwPj5GKvVOv8Ki,Dancing With A Stranger (with Normani),"Sam Smith,Normani"
54j7EaJPDmSZYcNYvLSJ78,Trust Fund Baby,Why Don't We
1wjzFQodRWrPcQ0AnYnvQ9,I Like Me Better,Lauv
0Zxswuv5xzIhxDnsKJLq82,Mercy,Shawn Mendes
2mfUa8bLs2s5N4VaqJZ4lZ,Most Girls,Hailee Steinfeld
6LsAAHotRLMOHfCsSfYCsz,If I Can't Have You,Shawn Mendes
29f11nLUcMYQ2Ndbnb7N0o,Dancing With A Stranger (With Normani) - Acoustic,"Sam Smith,Normani"
0XPsOSYzDJZJArevQNm2AR,Speechless (Full),Naomi Scott
1iWHabUgUuuKLBa0TzTHfk,"A Whole New World (End Title) - From ""Aladdin""","ZAYN,Zhavia"
0TK2YIli7K1leLovkQiNik,Señorita,"Shawn Mendes,Camila Cabello"
4LWIp8HAFxpfg37mnxHqCS,Never Be Alone,Shawn Mendes
6CmEqC6bWC1WArc9y7yfLO,Best of 2018 Medley: Girls Like You / No Tears Left to Cry / God's Plan / This Is Me / The Middle,Anthem Lights
7sTtHHrD0zDpmzQzH3zegz,Consequences,Camila Cabello
5uCax9HTNlzGybIStD3vDh,Say You Won't Let Go,James Arthur
0VhgEqMTNZwYL1ARDLLNCX,Can I Be Him,James Arthur
23L5CiUhw2jV1OIMwthR3S,In the Name of Love,"Martin Garrix,Bebe Rexha"
25sgk305KZfyuqVBQIahim,Sweet but Psycho,Ava Max
0Qh38w01QRXK6KHIv0e3hb,What About Us,P!nk
37f4ITSlgPX81ad2EvmVQr,Fight Song,Rachel Platten
3HVWdVOQ0ZA45FuZGSfvns,I Don't Care (with Justin Bieber),"Ed Sheeran,Justin Bieber"
7yfi8B8opXjnRh4VZnOkz9,Cool,Jonas Brothers
6ViAALwpm6XolXj6F1HUZ8,War Paint,Jonah Marais
4rsW3WCZBGwhHfJWuHRwyT,Home,Phillip Phillips
2kJwzbxV2ppxnQoYw4GLBZ,If the World Was Ending (feat. Julia Michaels),"JP Saxe,Julia Michaels"
6pmZMP2ET1OJi5rKfLO8jD,3:15,Bazzi
2Yer0p7uB2lVBUAtANuuQp,Magic In The Hamptons (feat. Lil Yachty),"Social House,Lil Yachty"
0xEW9gPv5wNuS84pXGG3lc,Running On My Mind,Ali Gatie
2NWVdwbd2hPIzC2lyf4y63,Moral of the Story (feat. Niall Horan),"Ashe,Niall Horan"
7ce20yLkzuXXLUhzIDoZih,Before You Go,Lewis Capaldi
6VmCrImDis9OEJOZBGa2fp,Miss Me - Demo,Lauv
45aBsnKRWUzhwbcqOJLwfe,This Is Me,"Keala Settle,The Greatest Showman Ensemble"
4lsHZ92XCFOQfzJFBTluk8,You Got It,Vedo
0oagwWkGlBoACUuKvTmqZV,A Million Dreams,P!nk
0RoA7ObU6phWpqhlC9zH4Z,A Million Dreams,"Ziv Zaifman,Hugh Jackman,Michelle Williams"
1ZMiCix7XSAbfAJlEZWMCp,Falling,Harry Styles
2BOqDYLOJBiMOXShCV1neZ,Dancing On My Own,Calum Scott
3NjaN546wa7PVADtMuec6b,If Our Love Is Wrong,Calum Scott
2IuLdJDBIXvepd9VtAX5Xc,Come Back Home,Calum Scott
3X8SgHFyauM0CXhYXoERTR,Rhythm Inside,Calum Scott
45bE4HXI0AwGZXfZtMp8JR,you broke me first,Tate McRae
5Tb6K5YFvUNXREaGbDLn1m,No Matter What,Calum Scott
3TaNmRMQqme2Mjr6o9fXxh,Hotel Room,Calum Scott
6EkQmHBoux7iqK4vjfHq4V,Need To Know,Calum Scott
7MjKAV0mFiEID9WhDSSzaW,Like I'm Gonna Lose You (feat. John Legend),"Meghan Trainor,John Legend"
5wHRQRy339ghP31x0hUWcQ,Forgive Myself,Sam Smith
2SOUTN8rzGAkBr001HqAXe,Run to You,Lea Michele
7lPN2DXiMsVn7XUKtOW1CS,drivers license,Olivia Rodrigo
2kFHjWko1il6O9L3eK9IzG,"Beginning Middle End - From The Netflix Film ""To All The Boys: Always and Forever""",Leah Nobel
630sXRhIcfwr2e4RdNtjKN,Rewrite The Stars,"Zac Efron,Zendaya"
25lvdL8Hg9DNIO7aRzObth,Can't Let You Go,Ali Gatie
0tV8pOpiNsKqUys0ilUcXz,Rise Up,Andra Day
2NELtMgQ8HSdrGrYQPLnC3,Piece by Piece,Kelly Clarkson
1HNkqx9Ahdgi1Ixy2xkKkL,Photograph,Ed Sheeran
5CZ40GBx1sQ9agT82CLQCT,traitor,Olivia Rodrigo
1rPiAgK5DD2ve9aPujSJB7,Biblical,Calum Scott
0HZk0QsXPhMNAWNDR3rYE8,Hallelujah,Pentatonix
2s1sdSqGcKxpPr5lCl7jAV,Chandelier,Sia
1Oi2zpmL81Q0yScF1zxaC0,"Bills, Bills, Bills",Destiny's Child
37ZKB38iNyKJ0xYEz9SJgk,Josslyn,Olivia O'Brien
0jllH0usRFD4LJkJnGK9Lf,Complicated,Olivia O'Brien
4zRZAmBQP8vhNPf9i9opXt,8 Letters,Why Don't We
6rsm9NTgl9kKPatf7S1yCS,Talk,Why Don't We
0bSLDuIIIGla6l9C9DIXqP,Choose,Why Don't We
6z3OqZBR4v3w6s0w6dSVhF,In Too Deep,Why Don't We
0GmfYAOe7Y3vIv4lKdaeOA,Friends,Why Don't We
2xj3BQ7AzGTwUWaroRTVCx,Hard,Why Don't We
2N2s2s2w0jmSIPNZcm8Jnr,Hooked,Why Don't We
2ZH0frS6VRDzSphiwJ9pvc,Can’t You See,Why Don't We
1nl5jnQML9myEAqSawcJmh,Kiss You This Christmas,Why Don't We
7B3qYbgu9hEKlBrMZrd3Aw,Hey Good Lookin,Why Don't We
2Q2kTc93I0ydIpcjJq2Qc7,Merry Little Christmas,Why Don't We
1dae7ro53U7NyLRuX4Kj32,You and Me at Christmas,Why Don't We
1FUURnDIpUXAsjs8CtFxPv,Silent Night,Why Don't We
3L4suJQV84AAOAE4FRefti,Invitation,Why Don't We
6gttjO6hxvBiPI9YcQtG4g,M.I.A.,Why Don't We
0abraIFcoZc56LWrCQl4EW,Boomerang,Why Don't We
6rYae6GFXNACLQFow7X4o5,Words I Didn't Say,Why Don't We
4aa8abhrII2D2REphtZlaq,Turn It Off,Why Don't We
0W8ClrRmKyMEnW34Zadtdq,Taking You,Why Don't We
5RKJ0b14LUw5Xvr50fpj83,Nobody Gotta Know,Why Don't We
002opcRBgYV5jqoh72QcqA,Just to See You Smile,Why Don't We
3jVpCVq7fa5fv2Crzwz0Jz,On My Way,Why Don't We
2dzvnp3krOYOErUbsfBJrk,Perfect,Why Don't We
5o6GnHeA8voabKhVBT8Og3,Free,Why Don't We
51w95jAPQDOWN3M7xopWWh,Help Me Help You (feat. Why Don't We),"Logan Paul,Why Don't We"
7HUCGA1RG6zO68rpcn2s3J,Why Don't We Just,Why Don't We
1Fc4NYNUePCq7ab5ftg7Ty,These Girls,Why Don't We
1De8FIr9KBPm5owb0tmRKv,Something Different,Why Don't We
3eng6TJxpqjvDkxRpnfnhB,Big Plans,Why Don't We
5956I4W6Ck4sfVZMMTokpc,Runner,Why Don't We
31CHJzSweI6r1dk6XrZceK,Stay With Me,Sam Smith
4JHkidVQCWtXwrzjdh5tbM,I'm Not The Only One,Sam Smith
2UonPYDoqpUZxoJUHWCgtP,I've Told You Now,Sam Smith
5VYS23P3A31Rn6CtsGTEOR,Like I Can,Sam Smith
4t5jShQD8GkfjDMAsAYJeg,Life Support,Sam Smith
5JRCjBJ9fuhxfJruiurYw6,Not In That Way,Sam Smith
1eUtyz3sWA42VYsiqbfQoZ,Lay Me Down,Sam Smith
0PPXEgevjLKKso0QVhEFZ4,La La La,"Naughty Boy,Sam Smith"
2QXmZCQwDsXxSgAGEEY5ep,Nirvana,Sam Smith
4yQbvhT4qMtcmY2FkKVc6Z,I'm Not The Only One,"Sam Smith,A$AP Rocky"
64GRDrL1efgXclrhVCeuA0,Lay Me Down,"Sam Smith,John Legend"
3VlbOrM6nYPprVvzBZllE5,Too Good At Goodbyes,Sam Smith
67aDq4Z8lErpWQ0Ky0xaJo,Say It First,Sam Smith
6hPFEpT7bVguj9aCFLOmiz,Midnight Train,Sam Smith
7FyhrRNRJOZSM8IeuAx7su,Burning,Sam Smith
0TdKJnJqeONlGZpfI1Wn93,HIM,Sam Smith
5UFvcTCbp9P057YbRNsJ3U,Palace,Sam Smith
59ljpSFcgtfWJKS3vqG27R,Pray,Sam Smith
3fCjfPg7ZkU7Oulze3e2ww,The Thrill Of It All,Sam Smith
5XX9oGZfgKMXdHnEp4t2JB,Money On My Mind,Sam Smith
5Nm9ERjJZ5oyfXZTECKmRt,Stay With Me,Sam Smith
7795WJLVKJoAyVoOtCWqXN,I'm Not The Only One,Sam Smith
2TeLIzFBe3hxkPR5FIQZut,Like I Can,Sam Smith
4T2qnyKCo9UISjERbIeJQg,Life Support,Sam Smith
2a4iE4k1IkIswThuJ3ROsw,Not In That Way,Sam Smith
74sb4Gib0cL3TQeCjYF8vh,Lay Me Down,Sam Smith
1PWnAEQcbwQwK759otUbta,"Writing's On The Wall - From ""Spectre"" Soundtrack",Sam Smith
5rFj8OzffT0iggSjcBaeND,"Fire On Fire - From ""Watership Down""",Sam Smith
3b5LW3nS3WFQyS1e8ajGJN,Leave Your Lover,Sam Smith
6b2RcmUt1g9N9mQ3CbjX2Y,How Do You Sleep?,Sam Smith
